OBJECTID,PERCENT_,STARTX,STARTY,LL,LR,UL,UR,COUNT_,AVE_EAARCO,AVE_LN_EAA,SUM_LN_EAA,SUM_SQLN_E,STDDEV,KHAT,ShapeSTArea,ShapeSTLength
1,13.054,260000,150000,2615,2715,2616,2716,15,108.8474,4.2823,64.2341,286.6416,2.48239,1.12,100000000,40000
2,18.39,260000,160000,2616,2716,2617,2717,10,118.8615,4.3899,43.899,201.5885,2.69959,0.91,100000000,40000
3,17.677,260000,170000,2617,2717,2618,2718,23,131.8425,4.4655,102.7063,476.1664,2.44174,0.93,100000000,40000
4,22.319,270000,130000,2713,2813,2714,2814,14,145.1556,4.7573,66.6019,323.2825,2.02136,0.77,98712391.34,76408.25674
5,32.923,270000,140000,2714,2814,2715,2815,15,227.8776,4.891,73.3653,370.5361,2.4952,0.45,100000000,40000
6,44.974,270000,150000,2715,2815,2716,2816,12,211.2252,5.2279,62.7344,331.3521,1.74147,0.13,100000000,40000
7,26.647,270000,160000,2716,2816,2717,2817,19,165.5227,4.7647,90.5284,444.0556,2.31778,0.63,100000000,40000
8,12.455,270000,170000,2717,2817,2718,2818,35,112.0393,4.423,154.8034,704.232,2.13435,1.15,100000000,40000
9,10.651,270000,180000,2718,2818,2719,2819,32,116.5007,4.4447,142.2308,646.8593,1.99023,1.24,100000000,40000
10,5.043,280000,140000,2814,2914,2815,2915,15,100.8063,4.5011,67.5172,307.405,1.64874,1.59,100000000,40000
11,4.787,280000,150000,2815,2915,2816,2916,10,85.1895,4.2578,42.5778,185.1748,1.9295,1.58,100000000,40000
12,10.93,280000,160000,2816,2916,2817,2917,15,105.7019,4.423,66.3445,300.7025,2.05499,1.22,100000000,40000
13,11.191,280000,170000,2817,2917,2818,2918,22,114.3222,4.5324,99.7133,460.3241,1.8809,1.21,100000000,40000
14,17.408,280000,180000,2818,2918,2819,2919,25,142.031,4.5407,113.5177,531.0049,2.23679,0.94,100000000,40000
15,28.669,290000,150000,2915,3015,2916,3016,18,178.6159,4.8176,86.7161,429.9462,2.33185,0.57,100000000,40000
16,0,290000,160000,2916,3016,2917,3017,7,76.9503,4.2661,29.8625,128.603,1.56612,2.3,100000000,40000
17,0.268,290000,170000,2917,3017,2918,3018,14,71.0026,4.1585,58.2186,244.97,1.59972,2.43,100000000,40000
18,12.851,290000,180000,2918,3018,2919,3019,20,119.1456,4.4185,88.3705,401.9058,2.17255,1.13,100000000,40000
19,12.27,300000,180000,3018,3118,3019,3119,7,106.2201,4.4838,31.3865,143.719,2.02541,1.15,100000000,40000
20,0,190000,320000,1932,2032,1933,2033,7,50.578,3.8226,26.7582,103.9047,1.68105,2.84,100000000,40000
21,0.016,190000,330000,1933,2033,1934,2034,11,47.9296,3.697,40.6675,153.9624,1.82407,2.66,100000000,40000
22,1.634,200000,310000,2031,2131,2032,2132,11,60.1369,3.6285,39.9138,152.2028,2.36021,1.94,100000000,40000
23,0,200000,320000,2032,2132,2033,2133,9,32.5359,3.4561,31.1046,107.9144,1.25572,8.09,100000000,40000
24,0.316,200000,330000,2033,2133,2034,2134,11,56.6989,3.8187,42.0062,164.5404,1.90144,2.3,100000000,40000
25,3.252,210000,310000,2131,2231,2132,2232,6,82.01,4.1611,24.9664,106.4107,2.03495,1.6,100000000,40000
26,0,210000,320000,2132,2232,2133,2233,8,35.7127,3.5246,28.1968,100.2756,1.42932,4.97,100000000,40000
27,0.654,220000,280000,2228,2328,2229,2329,7,63.0839,3.8669,27.068,107.8977,2.08271,1.95,100000000,40000
28,0,220000,290000,2229,2329,2230,2330,24,39.8446,3.6308,87.139,318.8654,1.38887,5.08,100000000,40000
29,0,220000,300000,2230,2330,2231,2331,8,47.2785,3.7459,29.967,114.2423,1.70428,2.91,100000000,40000
30,28.926,220000,310000,2231,2331,2232,2332,6,195.7205,4.6462,27.8773,135.5718,3.00357,0.59,100000000,40000
31,5.262,220000,320000,2232,2332,2233,2333,8,74.2263,4.0111,32.0885,133.7119,2.32891,1.52,100000000,40000
32,18.194,230000,280000,2328,2428,2329,2429,6,123.355,4.5425,27.255,127.0887,2.24856,0.93,100000000,40000
33,0,230000,290000,2329,2429,2330,2430,11,45.9502,3.7489,41.2383,156.2792,1.50653,3.78,100000000,40000
34,0.013,230000,300000,2330,2430,2331,2431,13,53.0191,3.8547,50.1108,196.3122,1.66938,2.82,100000000,40000
35,0.242,230000,310000,2331,2431,2332,2432,14,64.4336,4.0473,56.662,232.7097,1.66542,2.45,100000000,40000
36,0.98,230000,320000,2332,2432,2333,2433,1,39.325,3.6719,3.6719,13.4826,0,0,100000000,40000
37,8.722,240000,280000,2428,2528,2429,2529,11,111.7109,4.5423,49.9648,230.1618,1.76205,1.33,100000000,40000
38,0,240000,290000,2429,2529,2430,2530,6,36.8852,3.5306,21.1834,75.6762,1.5237,4.2,100000000,40000
39,1.122,240000,300000,2430,2530,2431,2531,10,72.1591,4.1306,41.3063,173.6655,1.78892,2.01,100000000,40000
40,0,240000,310000,2431,2531,2432,2532,7,31.7039,3.4334,24.0335,82.8214,1.25327,8.26,100000000,40000
41,0.3,240000,320000,2432,2532,2433,2533,1,39.918,3.6868,3.6868,13.5927,0,0,100000000,40000
42,4.168,250000,280000,2528,2628,2529,2629,12,94.3977,4.4361,53.233,239.14,1.68491,1.65,100000000,40000
43,1.557,250000,290000,2529,2629,2530,2630,10,68.0369,3.9311,39.3105,159.0697,2.03419,1.93,100000000,40000
44,0.773,250000,300000,2530,2630,2531,2631,5,79.7702,4.2162,21.081,90.5129,1.89381,1.69,100000000,40000
45,0,250000,310000,2531,2631,2532,2632,7,46.4151,3.6796,25.7574,96.9434,1.82358,2.69,100000000,40000
46,7.604,260000,280000,2628,2728,2629,2729,10,89.9937,4.2195,42.1948,183.4548,2.172,1.39,100000000,40000
47,0.117,260000,290000,2629,2729,2630,2730,6,78.2225,4.223,25.3383,108.514,1.73218,1.96,100000000,40000
48,0,260000,300000,2630,2730,2631,2731,8,53.8531,3.8605,30.8841,121.3727,1.73926,2.6,100000000,40000
49,0,260000,310000,2631,2731,2632,2732,7,51.1551,3.8553,26.9868,105.3436,1.5935,3.1,100000000,40000
50,23.614,270000,280000,2728,2828,2729,2829,12,155.3501,4.6012,55.2138,264.1542,2.60794,0.73,100000000,40000
51,4.034,270000,290000,2729,2829,2730,2830,8,88.092,4.3155,34.5236,151.5863,1.83973,1.61,100000000,40000
52,0.79,270000,300000,2730,2830,2731,2831,11,66.8165,4.0475,44.5221,183.6739,1.80265,2.12,100000000,40000
53,0.667,280000,290000,2829,2929,2830,2930,14,71.0969,4.123,57.7218,241.6111,1.69562,2.23,100000000,40000
54,0,60000,140000,614,714,615,715,0,0,0,0,0,0,0,925352.2023,6101.371188
55,0,70000,140000,714,814,715,815,7,19.1447,2.9034,20.3239,59.6737,1.39504,7.19,21920390.25,32866.10954
56,0.16,70000,150000,715,815,716,816,0,0,0,0,0,0,0,14618257.37,31975.40198
57,0,80000,140000,814,914,815,915,7,41.8197,3.5805,25.0636,91.8715,1.81475,2.88,31556922.73,46859.1216
58,0.024,80000,150000,815,915,816,916,23,32.1723,3.1928,73.4355,244.7965,1.98411,3.07,65763463.24,46256.83261
59,0.06,80000,160000,816,916,817,917,4,23.435,3.1295,12.518,39.3748,0,0,5796587.579,19028.61168
60,0.006,90000,150000,915,1015,916,1016,13,32.7405,3.0885,40.1507,131.0005,2.14569,2.89,53792179.24,78539.09591
61,0,90000,160000,916,1016,917,1017,22,27.4005,3.1799,69.9574,228.3782,1.70068,3.99,72415420.81,52453.4754
62,0,90000,170000,917,1017,918,1018,0,0,0,0,0,0,0,1654285.053,18539.41878
63,0.666,100000,140000,1014,1114,1015,1115,13,53.4384,3.7589,48.866,189.4932,2.00531,2.21,83539933.11,47739.85476
64,0,100000,150000,1015,1115,1016,1116,20,30.1502,3.2986,65.9722,222.0477,1.62082,4.14,78976205.77,42036.01923
65,0.034,100000,160000,1016,1116,1017,1117,23,35.7991,3.3262,76.5023,263.9056,1.92555,3.01,100000000,40000
66,0,100000,170000,1017,1117,1018,1118,26,25.6466,3.0991,80.5778,256.4072,1.67716,4.25,85064642.11,43076.50189
67,0.004,100000,180000,1018,1118,1019,1119,22,35.0955,3.3888,74.5532,259.5975,1.77786,3.32,45548524.29,63210.4064
68,19.962,100000,190000,1019,1119,1020,1120,14,176.4297,4.063,56.8822,258.4656,4.26537,0.85,48899407.92,37554.92657
69,11.48,100000,200000,1020,1120,1021,1121,0,0,0,11.48,0,0,0,5265052.108,12573.33045
70,0.118,110000,140000,1114,1214,1115,1215,20,48.4046,3.7082,74.164,281.5288,1.79592,2.72,89484129.44,49296.93412
71,0.01,110000,150000,1115,1215,1116,1216,17,34.4192,3.338,56.7454,196.0746,1.90637,3.04,79363520.01,68658.78783
72,0.001,110000,160000,1116,1216,1117,1217,18,35.739,3.4048,61.2872,214.2427,1.77246,3.31,100000000,40000
73,0.96,110000,170000,1117,1217,1118,1218,3,22.5923,3.0982,9.2946,28.9179,0,0,100000000,40000
74,0.01,110000,180000,1118,1218,1119,1219,16,37.9502,3.4317,54.907,194.2257,1.86252,3,99867829.42,45941.45296
75,11.842,110000,190000,1119,1219,1120,1220,39,112.1206,3.8787,151.2685,641.2792,3.31418,1.18,100000000,40000
76,14.448,110000,200000,1120,1220,1121,1221,12,107.5353,4.2774,51.3292,229.6704,2.60867,1.06,83483825.13,38991.36743
77,10.5,110000,210000,1121,1221,1122,1222,1,150.888,5.0165,5.0165,25.1656,0,0,7439180.309,14967.10734
78,4.974,120000,150000,1215,1315,1216,1316,27,89.1593,3.7937,102.4297,410.9699,2.52904,1.62,58678818.42,106279.0402
79,11.588,120000,160000,1216,1316,1217,1317,21,138.763,3.9371,82.6784,351.586,3.1325,1.19,94300066.1,69336.13459
80,3.263,120000,170000,1217,1317,1218,1318,22,66.244,3.7619,82.7615,326.7568,2.35568,1.79,100000000,40000
81,27.719,120000,180000,1218,1318,1219,1319,15,176.8424,4.5468,68.2023,332.1405,3.50651,0.6,100000000,40000
82,41.81,120000,190000,1219,1319,1220,1320,19,259.0127,5.0787,96.4956,509.1925,2.80278,0.21,100000000,40000
83,19.34,120000,200000,1220,1320,1221,1321,18,141.5856,4.4974,80.9534,378.4682,2.50919,0.87,94470344.31,53610.01426
84,0,120000,210000,1221,1321,1222,1322,6,73.459,4.1819,25.0912,106.1995,1.65578,2.21,11874403.45,43303.12547
85,13.973,130000,150000,1315,1415,1316,1416,10,104.6283,4.3062,43.0621,192.9865,2.49935,1.08,55683381.02,74487.12743
86,0,130000,160000,1316,1416,1317,1417,6,39.133,3.3759,20.2555,71.4692,2.19442,2.45,54137340.17,99959.02339
87,27.811,130000,170000,1317,1417,1318,1418,67,191.6932,4.6424,311.0398,1524.5486,3.0191,0.59,98380506.44,66050.60677
88,23.237,130000,180000,1318,1418,1319,1419,14,147.3807,4.5904,64.2656,307.058,2.61928,0.74,100000000,40000
89,26.455,130000,190000,1319,1419,1320,1420,13,184.2765,4.7401,61.6213,301.2076,2.39076,0.64,100000000,40000
90,4.875,130000,200000,1320,1420,1321,1421,14,79.1606,4.1779,58.4899,250.7094,2.01126,1.6,100000000,40000
91,15.159,130000,210000,1321,1421,1322,1422,17,129.1395,3.9191,66.6241,289.7777,3.81404,1.03,53562028.48,181669.3506
92,20.755,140000,150000,1415,1515,1416,1516,19,133.8001,4.4434,84.4251,394.7234,2.83811,0.82,80898830.44,87706.47011
93,10.097,140000,160000,1416,1516,1417,1517,33,90.6331,4.029,132.9575,567.8739,2.72618,1.27,96757134.03,55362.62636
94,16.131,140000,170000,1417,1517,1418,1518,24,128.6938,4.1847,100.4333,449.4989,3.08641,0.99,100000000,40000
95,13.293,140000,180000,1418,1518,1419,1519,20,116.7044,4.2067,84.1332,372.4063,2.68156,1.11,100000000,40000
96,4.992,140000,190000,1419,1519,1420,1520,21,76.5725,3.977,83.5169,345.5575,2.26796,1.61,100000000,40000
97,0.724,140000,200000,1420,1520,1421,1521,14,65.447,4.0144,56.2011,230.0171,1.78985,2.21,100000000,40000
98,1.617,150000,150000,1515,1615,1516,1616,49,57.5836,3.7512,183.8106,715.6314,2.09091,2.1,95023241.8,83619.34819
99,0.111,150000,160000,1516,1616,1517,1617,14,43.8604,3.5815,50.1408,185.2902,1.94029,2.59,99958061.35,41291.51247
100,0,150000,170000,1517,1617,1518,1618,15,36.5027,3.4695,52.0432,184.7958,1.73263,3.33,100000000,40000
101,0.384,150000,180000,1518,1618,1519,1619,27,45.6284,3.6013,97.2358,362.0634,1.96623,2.51,100000000,40000
102,0.054,150000,190000,1519,1619,1520,1620,19,41.1264,3.5237,66.9506,242.8979,1.86423,2.85,100000000,40000
103,1.023,160000,150000,1615,1715,1616,1716,21,67.2381,4.0664,85.3935,353.5471,1.75337,2.19,100000000,40000
104,0.99,160000,160000,1616,1716,1617,1717,21,47.799,3.3927,71.246,256.737,2.37902,2.2,100000000,40000
105,1.374,160000,170000,1617,1717,1618,1718,15,68.4334,4.0016,60.0245,245.8247,1.88527,2.05,100000000,40000
106,1.875,160000,180000,1618,1718,1619,1719,30,55.3924,3.732,111.9598,435.2159,2.16888,2.02,100000000,40000
107,0,160000,190000,1619,1719,1620,1720,8,25.9386,3.1827,25.4616,82.292,1.52727,5,100000000,40000
108,9.343,170000,170000,1717,1817,1718,1818,25,109.8894,3.9991,99.9768,423.5252,2.70191,1.31,100000000,40000
109,5.341,170000,180000,1718,1818,1719,1819,21,74.1104,3.8559,80.9747,328.843,2.48758,1.58,100000000,40000
110,0,170000,190000,1719,1819,1720,1820,11,33.4706,3.29,36.1902,123.5186,1.94887,3.01,100000000,40000
111,1.929,180000,180000,1818,1918,1819,1919,26,65.0857,3.9266,102.0913,412.625,1.98516,2,100000000,40000
112,2.1,180000,190000,1819,1919,1820,1920,23,54.9249,3.714,85.4228,331.573,2.24005,1.96,100000000,40000
113,0,40000,30000,403,503,404,504,0,0,0,0,0,0,0,1502901.725,10999.96318
114,0,40000,40000,404,504,405,505,0,0,0,0,0,0,0,4272453.736,12607.53989
115,0,50000,30000,503,603,504,604,3,21.595,3.0586,9.1757,28.1483,0,0,1437726.888,13523.96502
116,0,50000,40000,504,604,505,605,7,29.8627,3.3032,23.1221,77.758,1.61598,4.16,41277244.01,85101.43491
117,0,50000,50000,505,605,506,606,9,25.6541,3.1965,28.7689,92.8401,1.39303,6.34,15788224.86,69702.44176
118,0,60000,30000,603,703,604,704,0,0,0,0,0,0,0,14082.94157,830.8554007
119,0.012,60000,40000,604,704,605,705,13,36.3325,3.3077,43.0004,148.1767,2.02134,2.83,75403378.46,75666.23941
120,0.02,60000,50000,605,705,606,706,4,21.7885,3.0475,12.1902,37.4137,0,0,42984217.88,84399.93016
121,0,70000,20000,702,802,703,803,7,35.1574,3.5054,24.538,86.8428,1.44943,4.83,32244407.01,63358.82614
122,0,70000,30000,703,803,704,804,10,40.6248,3.6087,36.0867,131.9234,1.54405,3.89,23285923.88,47311.65877
123,0,70000,40000,704,804,705,805,6,44.506,3.4721,20.8328,75.3004,2.16022,2.37,45113554.49,67416.23612
124,0,70000,50000,705,805,706,806,11,27.6405,3.1464,34.6102,112.4687,1.81784,3.6,87724759.26,80703.22506
125,0,80000,20000,802,902,803,903,7,37.3684,3.5073,24.5508,87.5524,1.63393,3.65,17358646.8,68033.82296
126,0.323,80000,30000,803,903,804,904,7,62.36,3.9389,27.5726,111.2908,1.95193,2.03,61779908.63,95069.47667
127,0,80000,40000,804,904,805,905,10,29.4545,3.2728,32.7282,109.293,1.63575,4.12,35633664.5,61428.09124
128,0.11,80000,50000,805,905,806,906,1,23.078,3.1389,3.1389,9.8526,0,0,99736226.82,42504.66983
129,0,80000,60000,806,906,807,907,16,31.4628,3.3495,53.5913,182.8103,1.59943,4.15,81307741.83,84676.38618
130,0,90000,10000,901,1001,902,1002,0,0,0,0,0,0,0,128064.9595,2158.630425
131,4.899,90000,20000,902,1002,903,1003,9,77.4298,4.0138,36.1243,150.3967,2.2742,1.56,12391682.06,85091.13443
132,0.413,90000,30000,903,1003,904,1004,16,47.4956,3.569,57.1037,211.7528,2.07104,2.38,91147839.56,60920.00629
133,0.54,90000,40000,904,1004,905,1005,14,50.0206,3.7004,51.8056,198.0671,2.01327,2.28,68038465.51,67206.78406
134,0.13,90000,50000,905,1005,906,1006,3,22.8623,3.1091,9.3274,29.1278,0,0,70906334.97,92852.03035
135,0,90000,60000,906,1006,907,1007,12,28.6348,3.1443,37.7314,123.4675,1.93981,3.25,99534599.07,40295.48692
136,0.56,100000,20000,1002,1102,1003,1103,23,48.8742,3.5843,82.4378,306.8614,2.05306,2.38,34430078.32,131795.2527
137,10.244,100000,30000,1003,1103,1004,1104,11,114.515,3.8306,42.1365,175.1405,3.22802,1.25,87742989.71,85912.34893
138,0.27,100000,40000,1004,1104,1005,1105,13,51.1263,3.6568,47.5384,179.4631,1.98304,2.4,99948324.02,40320.98771
139,0,100000,50000,1005,1105,1006,1106,21,31.4934,3.3497,70.3435,239.5706,1.55884,4.39,99985264.06,40356.82767
140,0.28,100000,60000,1006,1106,1007,1107,4,32.4038,3.4366,13.7465,47.5975,0,0,100000000,40000
141,0,110000,20000,1102,1202,1103,1203,15,43.4897,3.6621,54.931,204.4314,1.62145,3.39,19220915.25,54472.98166
142,0,110000,30000,1103,1203,1104,1204,15,44.5491,3.6911,55.3665,207.6089,1.61848,3.34,97579647.9,59861.09674
143,0.017,110000,40000,1104,1204,1105,1205,10,48.3074,3.7194,37.1939,141.7448,1.85001,2.57,100000000,40000
144,0,110000,50000,1105,1205,1106,1206,5,34.9846,3.5432,17.7161,62.8906,1.18787,10.19,100000000,40000
145,0.3,110000,60000,1106,1206,1107,1207,17,50.8061,3.7364,63.5187,243.7142,1.88067,2.47,100000000,40000
146,0.002,110000,70000,1107,1207,1108,1208,11,39.0865,3.4858,38.3437,137.8515,1.91087,2.8,100000000,40000
147,0.005,110000,80000,1108,1208,1109,1209,11,37.3481,3.3995,37.3947,131.9288,2.00005,2.74,100000000,40000
148,0.659,110000,90000,1109,1209,1110,1210,37,50.0699,3.6816,136.2181,517.9909,1.96775,2.39,100000000,40000
149,0.13,110000,100000,1110,1210,1111,1211,16,53.2914,3.8077,60.9228,236.8424,1.76772,2.62,100000000,40000
150,4.194,110000,110000,1111,1211,1112,1212,19,69.8936,3.8729,73.5846,297.9378,2.33574,1.68,100000000,40000
151,0.27,120000,30000,1203,1303,1204,1304,13,58.8172,3.9483,51.3275,206.4521,1.75511,2.4,65176152,81738.6088
152,15.254,120000,40000,1204,1304,1205,1305,8,112.9036,4.2749,34.199,153.1227,2.70397,1.03,100000000,40000
153,0,120000,50000,1205,1305,1206,1306,14,37.5586,3.478,48.6917,173.3299,1.73916,3.29,100000000,40000
154,0,120000,60000,1206,1306,1207,1307,8,42.3562,3.5741,28.5926,104.4964,1.77491,3.01,100000000,40000
155,0,120000,70000,1207,1307,1208,1308,15,46.4801,3.7045,55.5671,209.2256,1.63437,3.24,100000000,40000
156,0.592,120000,80000,1208,1308,1209,1309,8,61.3348,3.8688,30.9502,123.1838,2.01672,2.04,100000000,40000
157,0,120000,90000,1209,1309,1210,1310,14,30.4869,3.3589,47.0245,159.4426,1.40328,5.72,100000000,40000
158,1.034,120000,100000,1210,1310,1211,1311,20,64.9459,3.9985,79.9704,326.5403,1.81708,2.18,100000000,40000
159,6.169,120000,110000,1211,1311,1212,1312,10,78.0058,3.8583,38.5826,157.4261,2.65249,1.48,100000000,40000
160,3.542,120000,120000,1212,1312,1213,1313,11,67.0922,3.8608,42.469,171.0886,2.32567,1.7,100000000,40000
161,13.733,130000,30000,1303,1403,1304,1404,10,110.5481,4.286,42.8603,191.482,2.5341,1.09,58113179.62,52501.76131
162,5.994,130000,40000,1304,1404,1305,1405,23,87.0483,4.1721,95.9583,412.3251,2.09146,1.53,99807969.99,39967.5342
163,0.597,130000,50000,1305,1405,1306,1406,11,60.0869,3.932,43.2516,173.9977,1.87238,2.18,100000000,40000
164,0,130000,60000,1306,1406,1307,1407,11,36.5298,3.5324,38.8564,138.7878,1.47896,4.51,100000000,40000
165,0.187,130000,70000,1307,1407,1308,1408,18,54.5284,3.8487,69.277,271.9593,1.75069,2.59,100000000,40000
166,0,130000,80000,1308,1408,1309,1409,5,55.123,3.8564,19.282,76.0342,1.91005,2.23,100000000,40000
167,1.569,130000,90000,1309,1409,1310,1410,12,61.601,3.8899,46.6791,187.2074,2.04492,1.97,100000000,40000
168,0.407,130000,100000,1310,1410,1311,1411,28,50.6896,3.7326,104.5124,400.7081,1.87156,2.5,100000000,40000
169,13.971,130000,110000,1311,1411,1312,1412,18,131.3889,4.0752,73.3542,320.6932,3.09971,1.08,100000000,40000
170,0.009,130000,120000,1312,1412,1313,1413,14,44.9553,3.6459,51.0421,190.2897,1.76509,2.91,100000000,40000
171,0,140000,30000,1403,1503,1404,1504,6,64.7273,4.1108,24.6646,102.0887,1.45312,3.18,24946529.93,41208.50692
172,0,140000,40000,1404,1504,1405,1505,8,45.1613,3.6935,29.5482,110.8766,1.64627,3.22,97429572.39,55578.98952
173,4.148,140000,50000,1405,1505,1406,1506,15,88.1964,4.3381,65.0715,286.931,1.77886,1.67,100000000,40000
174,2.174,140000,60000,1406,1506,1407,1507,17,63.6603,3.9201,66.6411,269.5115,2.05263,1.92,100000000,40000
175,0.032,140000,70000,1407,1507,1408,1508,11,55.5865,3.8799,42.6791,168.5573,1.72392,2.6,100000000,40000
176,1.962,140000,80000,1408,1508,1409,1509,8,73.8651,4.1358,33.0861,139.7134,1.89859,1.81,100000000,40000
177,16.652,140000,90000,1409,1509,1410,1510,19,147.5229,4.2595,80.9297,365.2468,2.90947,0.97,100000000,40000
178,2.653,140000,100000,1410,1510,1411,1511,9,70.7804,3.768,33.9117,133.8531,2.3903,1.76,100000000,40000
179,0.052,140000,110000,1411,1511,1412,1512,13,57.549,3.9259,51.0364,203.5507,1.67436,2.66,100000000,40000
180,0.071,140000,120000,1412,1512,1413,1513,20,43.7533,3.5809,71.6186,263.496,1.83764,2.82,100000000,40000
181,4.55,150000,30000,1503,1603,1504,1604,0,0,0,0,0,0,0,7328202.675,16678.88408
182,7.269,150000,40000,1504,1604,1505,1605,10,89.0678,4.1399,41.3994,177.4657,2.27404,1.41,71133413.74,63018.47406
183,11.93,150000,50000,1505,1605,1506,1606,12,107.1827,4.3383,52.06,233.2049,2.26481,1.17,97865299.02,67757.97549
184,1.765,150000,60000,1506,1606,1507,1607,17,71.5161,4.1048,69.7821,292.1941,1.82121,1.99,100000000,40000
185,8.314,150000,70000,1507,1607,1508,1608,23,92.41,4.2626,98.0395,430.4233,2.12638,1.37,100000000,40000
186,7.069,150000,80000,1508,1608,1509,1609,15,91.2727,4.0156,60.2346,253.0069,2.43874,1.44,100000000,40000
187,10.379,150000,90000,1509,1609,1510,1610,18,96.7615,4.1421,74.5573,323.3587,2.52119,1.25,100000000,40000
188,14.921,150000,100000,1510,1610,1511,1611,15,117.2467,4.3087,64.6308,291.1258,2.58716,1.04,100000000,40000
189,1.628,150000,110000,1511,1611,1512,1612,9,65.3462,3.9285,35.3567,143.1164,2.06684,1.89,100000000,40000
190,0.009,150000,120000,1512,1612,1513,1613,26,37.708,3.4639,90.0618,319.753,1.74733,3.29,100000000,40000
191,0,160000,30000,1603,1703,1604,1704,0,0,0,0,0,0,0,627153.7235,3635.148511
192,1.962,160000,40000,1604,1704,1605,1705,8,73.4444,4.105,32.84,137.8448,1.93214,1.81,34855571.3,74381.91029
193,12.844,160000,50000,1605,1705,1606,1706,18,105.9628,4.4012,79.2208,359.3294,2.20805,1.13,97555827.87,65236.28349
194,6.251,160000,60000,1606,1706,1607,1707,38,83.1941,4.0936,155.5577,659.9339,2.20518,1.52,99999554.73,40151.29635
195,4.028,160000,70000,1607,1707,1608,1708,34,74.4521,4.0376,137.2788,572.0871,2.08467,1.72,99507271.96,58461.84438
196,4.059,160000,80000,1608,1708,1609,1709,12,75.2042,4.0118,48.1422,199.7297,2.16849,1.66,100000000,40000
197,4.875,160000,90000,1609,1709,1610,1710,14,73.6169,3.9773,55.682,230.3,2.28067,1.6,100000000,40000
198,24.738,160000,100000,1610,1710,1611,1711,17,189.5088,4.5432,77.2351,370.2709,3.00531,0.69,100000000,40000
199,32.592,160000,110000,1611,1711,1612,1712,14,237.0676,4.6622,65.2712,329.3223,4.00326,0.46,100000000,40000
200,9.67,170000,40000,1704,1804,1705,1805,0,0,0,0,0,0,0,943563.1856,7759.789697
201,15.444,170000,50000,1705,1805,1706,1806,11,108.2903,4.4211,48.6325,222.3985,2.362,1.02,77713485.82,56641.8518
202,5.793,170000,60000,1706,1806,1707,1807,27,82.8663,4.1702,112.5965,483.333,2.07087,1.55,86139375.53,98857.12443
203,16.131,170000,70000,1707,1807,1708,1808,24,120.4624,4.447,106.7282,491.4839,2.35432,0.99,89756287.59,81808.84797
204,1.205,170000,80000,1708,1808,1709,1809,11,83.1543,4.3302,47.6322,208.5464,1.61362,2.02,100000000,40000
205,12.826,170000,90000,1709,1809,1710,1810,14,105.3851,4.1366,57.9118,253.3741,2.8039,1.13,100000000,40000
206,20.273,170000,100000,1710,1810,1711,1811,13,131.5467,4.5309,58.9016,276.8693,2.49062,0.84,100000000,40000
207,7.922,170000,110000,1711,1811,1712,1812,18,85.0716,3.9513,71.1238,297.0725,2.64148,1.39,100000000,40000
208,13.98,180000,50000,1805,1905,1806,1906,0,0,0,0,0,0,0,1455149.59,9905.442123
209,20.83,180000,60000,1806,1906,1807,1907,14,144.9664,4.5129,63.181,296.9597,2.59574,0.82,70997532.43,76615.75724
210,8.79,180000,70000,1807,1907,1808,1908,21,93.741,4.2532,89.3176,392.0236,2.17925,1.34,94295076.33,66577.96238
211,8.07,180000,80000,1808,1908,1809,1909,12,86.2099,4.1683,50.02,215.9904,2.28231,1.37,100000000,40000
212,9.399,180000,90000,1809,1909,1810,1910,15,96.1131,4.2461,63.6913,279.6201,2.2475,1.3,100000000,40000
213,0.345,180000,100000,1810,1910,1811,1911,20,57.51,3.9049,78.0977,310.952,1.75323,2.48,100000000,40000
214,10.427,180000,110000,1811,1911,1812,1912,24,95.8878,4.0959,98.3018,424.0629,2.62537,1.25,100000000,40000
215,29.517,190000,60000,1906,2006,1907,2007,12,174.8634,4.7538,57.0452,282.0548,2.70286,0.55,74921448.13,44414.11447
216,14.442,190000,70000,1907,2007,1908,2008,14,106.2336,4.2691,59.768,267.3296,2.63165,1.06,100000000,40000
217,5.567,190000,80000,1908,2008,1909,2009,13,76.4163,3.7766,49.0954,197.0906,2.68186,1.54,100000000,40000
218,2.079,190000,90000,1909,2009,1910,2010,13,70.6658,4.0372,52.4839,217.1841,1.94305,1.9,100000000,40000
219,0.184,190000,100000,1910,2010,1911,2011,15,59.6899,3.9422,59.1332,237.1227,1.70743,2.53,100000000,40000
220,9.813,200000,60000,2006,2106,2007,2107,6,93.4858,4.0147,24.0884,101.9496,2.78384,1.25,11752948.77,27742.84269
221,5.886,200000,70000,2007,2107,2008,2108,14,75.5598,4.0389,56.5443,237.2969,2.28968,1.52,87525883.35,66112.21332
222,3.926,200000,80000,2008,2108,2009,2109,13,76.5675,4.127,53.6509,227.232,2.00597,1.68,96867940.17,62035.31477
223,12.626,210000,70000,2107,2207,2108,2208,18,111.3538,4.3498,78.2964,352.3342,2.29731,1.14,27882225.82,48733.35932
224,11.474,210000,80000,2108,2208,2109,2209,6,108.1892,4.2733,25.64,113.34,2.3834,1.18,97847413.45,55468.52607
225,0,140000,370000,1437,1537,1438,1538,0,0,0,0,0,0,0,684412.6566,10595.2057
226,0.1,140000,380000,1438,1538,1439,1539,2,15.756,2.6856,5.3712,14.7183,0,0,4860263.606,24248.8558
227,0,150000,370000,1537,1637,1538,1638,8,55.9645,3.907,31.2561,123.7881,1.6298,2.85,30941529.78,46733.69926
228,0,150000,380000,1538,1638,1539,1639,7,27.4799,3.1906,22.3342,73.0912,1.73763,3.81,85059249.81,51737.67701
229,0.34,150000,390000,1539,1639,1540,1640,1,10,2.3026,2.3026,5.3019,0,0,6119218.045,21494.43835
230,0.541,160000,370000,1637,1737,1638,1738,17,60.929,3.9595,67.3114,271.7829,1.77459,2.33,52855353.25,52797.03106
231,0.86,160000,380000,1638,1738,1639,1739,2,33.1295,3.4558,6.9117,24.0666,0,0,99953929.48,39940.29949
232,0.857,160000,390000,1639,1739,1640,1740,10,47.4626,3.4163,34.1626,124.1554,2.48343,2.07,39806684.6,104585.9777
233,0,160000,400000,1640,1740,1641,1741,0,0,0,0,0,0,0,253549.2695,5794.546092
234,0,160000,410000,1641,1741,1642,1742,5,45.0396,3.7055,18.5277,69.7662,1.69391,3.02,18925343.03,49127.53451
235,0,170000,350000,1735,1835,1736,1836,7,29.128,3.2004,22.4026,74.0547,1.8718,3.35,75502614.82,43571.14972
236,0,170000,360000,1736,1836,1737,1837,0,0,0,0,0,0,0,1070895.77,6158.73251
237,0.554,170000,370000,1737,1837,1738,1838,8,60.0635,3.7806,30.2445,118.1811,2.09728,2.05,51239644.28,74239.96027
238,1.123,170000,380000,1738,1838,1739,1839,8,56.0825,3.7541,30.0329,117.2228,2.22474,1.93,99728769.99,41073.16412
239,1.888,170000,390000,1739,1839,1740,1840,13,70.697,4.0141,52.1832,214.7874,1.94601,1.93,88740978.62,79936.55149
240,0.695,170000,400000,1740,1840,1741,1841,9,66.9676,4.0077,36.0696,147.6798,1.86778,2.07,55580994.99,75946.66679
241,0.141,170000,410000,1741,1841,1742,1842,8,56.0883,3.8043,30.4346,118.9909,1.96787,2.21,71840245.88,159604.1696
242,0.8,170000,420000,1742,1842,1743,1843,1,50.148,3.915,3.915,15.3271,0,0,18266906.72,119766.3907
243,0,170000,430000,1743,1843,1744,1844,0,0,0,0,0,0,0,347907.6952,5299.364696
244,0,180000,350000,1835,1935,1836,1936,9,38.8594,3.6096,32.4863,118.1858,1.40464,4.97,97887359.68,40922.2117
245,11.23,180000,360000,1836,1936,1837,1937,6,101.228,4.1888,25.1328,109.6539,2.549,1.19,53059255.21,50741.46369
246,0,180000,370000,1837,1937,1838,1938,6,50.4202,3.7634,22.5806,86.7714,1.81933,2.56,49681130.64,64783.77272
247,0.77,180000,380000,1838,1938,1839,1939,4,25.0565,3.1477,12.591,40.2884,0,0,100000000,40000
248,0,180000,390000,1839,1939,1840,1940,7,42.894,3.6811,25.7676,95.9201,1.52466,3.83,99919191.34,40312.9708
249,0.057,180000,400000,1840,1940,1841,1941,7,60.6836,3.8982,27.2873,108.9082,1.9161,2.15,98228781.99,61499.41406
250,1.41,180000,410000,1841,1941,1842,1942,4,61.688,4.1006,16.4025,67.4253,0,0,100000000,40000
251,0,180000,420000,1842,1942,1843,1943,7,39.3251,3.5819,25.0731,91.3151,1.6505,3.43,98634367.3,59475.65985
252,0,180000,430000,1843,1943,1844,1944,9,45.3111,3.7164,33.4477,126.5165,1.69169,3.01,34983989.15,48600.05983
253,1.56,180000,440000,1844,1944,1845,1945,2,75.171,4.3119,8.6238,37.2162,0,0,3497236.152,23024.92244
254,4.6,190000,350000,1935,2035,1936,2036,3,164.4917,4.3421,13.0263,61.0746,0,0,100000000,40000
255,5.744,190000,360000,1936,2036,1937,2037,9,73.7781,3.7165,33.4488,133.1832,2.86609,1.5,100000000,40000
256,0,190000,370000,1937,2037,1938,2038,9,57.7484,3.9431,35.4876,141.8895,1.64037,2.74,92211736.47,85988.8338
257,0.007,190000,380000,1938,2038,1939,2039,12,42.6459,3.5505,42.6061,155.5679,1.86793,2.8,100000000,40000
258,2.53,190000,390000,1939,2039,1940,2040,2,94.7115,4.2588,8.5177,37.5613,0,0,100000000,40000
259,0,190000,400000,1940,2040,1941,2041,9,35.137,3.4374,30.9363,108.9825,1.77676,3.24,100000000,40000
260,1.99,190000,410000,1941,2041,1942,2042,1,29.863,3.3966,3.3966,11.537,0,0,100000000,40000
261,7.02,190000,420000,1942,2042,1943,2043,6,77.5163,4.0787,24.4721,103.7431,2.42655,1.38,100000000,40000
262,0.057,190000,430000,1943,2043,1944,2044,11,54.0185,3.8461,42.3073,165.9885,1.77147,2.54,53026029.33,62366.89492
263,0,190000,440000,1944,2044,1945,2045,0,0,0,0,0,0,0,997489.4767,4968.018022
264,11.613,200000,360000,2036,2136,2037,2137,8,103.9609,4.0863,32.6902,140.9341,2.78682,1.18,100000000,40000
265,0,200000,370000,2037,2137,2038,2138,5,48.4848,3.6038,18.0192,67.4465,2.2075,2.14,100000000,40000
266,3.69,200000,380000,2038,2138,2039,2139,0,0,0,0,0,0,0,100000000,40000
267,4.807,200000,390000,2039,2139,2040,2140,6,95.0643,4.43,26.5801,119.4348,1.78681,1.5,100000000,40000
268,17.615,200000,400000,2040,2140,2041,2141,6,133.173,4.3917,26.35,120.3173,2.60867,0.95,100000000,40000
269,2.089,200000,410000,2041,2141,2042,2142,11,85.0501,4.3327,47.6596,209.1747,1.6782,1.87,100000000,40000
270,0,200000,420000,2042,2142,2043,2143,5,73.575,4.2052,21.0261,89.4687,1.66893,2.13,100000000,40000
271,0,200000,430000,2043,2143,2044,2144,5,45.647,3.7314,18.6568,70.5607,1.62608,3.22,71863085.23,96300.90209
272,0.73,200000,440000,2044,2144,2045,2145,2,25.752,3.2428,6.4855,21.0541,0,0,8156795.987,28481.04093
273,7.48,210000,360000,2136,2236,2137,2237,1,111.583,4.7148,4.7148,22.229,0,0,100000000,40000
274,6.803,210000,370000,2137,2237,2138,2238,7,81.8341,4.0693,28.485,120.5041,2.39813,1.41,100000000,40000
275,5.72,210000,380000,2138,2238,2139,2239,1,28.379,3.3457,3.3457,11.1934,0,0,100000000,40000
276,9.349,210000,390000,2139,2239,2140,2240,26,96.5322,4.2624,110.8213,487.9182,2.20093,1.31,100000000,40000
277,7.85,210000,400000,2140,2240,2141,2241,4,108.9738,4.4782,17.9127,81.7096,0,0,100000000,40000
278,4.693,210000,410000,2141,2241,2142,2242,15,72.9241,4.0243,60.3639,251.5979,2.19746,1.62,99875914.87,45809.37491
279,0,210000,420000,2142,2242,2143,2243,8,64.1894,4.0978,32.7821,135.3689,1.46909,3.12,98183744.37,50044.16196
280,0.196,210000,430000,2143,2243,2144,2244,14,58.6054,3.9397,55.1562,221.168,1.72537,2.49,78360886.32,108520.3906
281,0.638,210000,440000,2144,2244,2145,2245,6,48.2508,3.5215,21.1292,78.9994,2.60739,1.85,34907367.02,80498.72757
282,7.51,220000,380000,2238,2338,2239,2339,0,0,0,0,0,0,0,100000000,40000
283,14.74,220000,390000,2239,2339,2240,2340,8,114.28,4.4073,35.2584,160.401,2.32965,1.05,100000000,40000
284,4.698,220000,400000,2240,2340,2241,2341,13,100.2191,4.4821,58.2677,264.2521,1.66085,1.61,100000000,40000
285,14.332,220000,410000,2241,2341,2242,2342,5,121.2296,4.6115,23.0577,107.9645,1.89447,1.07,80407326.64,68716.07534
286,0,220000,420000,2242,2342,2243,2343,6,48.1172,3.7534,22.5202,86.1094,1.7553,2.75,74797990.04,59514.2918
287,2.84,220000,430000,2243,2343,2244,2344,7,79.2799,4.1722,29.2052,124.5411,1.95391,1.68,74051088.46,57390.15366
288,1.31,220000,440000,2244,2344,2245,2345,4,27.6925,3.2107,12.8428,42.339,0,0,35249439.78,44019.30119
289,9.72,230000,390000,2339,2439,2340,2440,1,158.416,5.0652,5.0652,25.6565,0,0,100000000,40000
290,0,230000,400000,2340,2440,2341,2441,5,76.7628,4.2199,21.0997,90.3811,1.7845,1.86,100000000,40000
291,0,230000,410000,2341,2441,2342,2442,5,61.874,4.0759,20.3797,83.5863,1.43406,3.39,99517200.78,40419.19515
292,0.554,230000,420000,2342,2442,2343,2443,8,82.8305,4.3223,34.5787,151.046,1.60941,2.05,77881730.95,57886.27723
293,0.052,230000,430000,2343,2443,2344,2444,12,57.1852,3.9138,46.9651,186.9107,1.7005,2.61,78808117.71,50536.62562
294,1.168,230000,440000,2344,2444,2345,2445,12,59.1898,3.8685,46.4218,184.9534,2.01132,2.05,88152870.46,55846.80419
295,0,230000,450000,2345,2445,2346,2446,0,0,0,0,0,0,0,3465053.698,23357.42707
296,12.469,240000,420000,2442,2542,2443,2543,6,109.1087,4.1957,25.1743,110.3071,2.63207,1.14,89100029.72,58817.04924
297,2.24,240000,430000,2443,2543,2444,2544,4,44.6085,3.6911,14.7644,55.3606,0,0,100000000,40000
298,0.011,240000,440000,2444,2544,2445,2545,12,55.4513,3.9257,47.1084,187.6329,1.64112,2.77,92913904.41,61296.98206
299,0.605,240000,450000,2445,2545,2446,2546,7,65.7131,4.0187,28.1309,115.6172,1.92353,1.96,68048203.28,62023.72073
300,10.5,250000,420000,2542,2642,2543,2643,0,0,0,0,0,0,0,29322582.5,33207.83431
301,22.828,250000,430000,2543,2643,2544,2644,5,150.789,4.4877,22.4384,104.9608,2.80816,0.79,58713033.9,36906.15064
302,0,250000,440000,2544,2644,2545,2645,6,53.9215,3.8961,23.3764,92.2319,1.61738,2.92,93744305.46,46083.03118
303,0,250000,450000,2545,2645,2546,2646,5,67.6406,4.0921,20.4607,84.8803,1.71037,2.25,16845108.54,26299.01569
304,0,260000,430000,2643,2743,2644,2744,8,30.6066,3.2738,26.1905,88.0956,1.78561,3.49,40798596.18,41200.73951
305,15.367,260000,440000,2644,2744,2645,2745,6,117.8937,4.563,27.378,127.4765,2.04263,1.03,47806176.12,38901.81648
306,1.157,290000,220000,2922,3022,2923,3023,15,76.1325,4.1592,62.3873,263.6094,1.72152,2.1,100000000,40000
307,1.898,290000,230000,2923,3023,2924,3024,50,84.2993,4.3236,216.18,945.8772,1.61304,2.04,100000000,40000
308,6.626,300000,210000,3021,3121,3022,3122,6,115.1433,4.6316,27.7894,129.8378,1.60843,1.4,100000000,40000
309,1.706,300000,220000,3022,3122,3023,3123,20,73.8465,4.1375,82.7506,348.6522,1.7761,2.02,100000000,40000
310,7.463,300000,230000,3023,3123,3024,3124,33,101.7644,4.277,141.1396,620.0704,2.04701,1.43,100000000,40000
311,0,300000,240000,3024,3124,3025,3125,8,84.0153,4.3736,34.9886,153.8946,1.42249,2.62,100000000,40000
312,0,300000,250000,3025,3125,3026,3126,5,109.5236,4.638,23.1902,108.0944,1.44269,1.8,100000000,40000
313,10.361,300000,260000,3026,3126,3027,3127,9,104.0149,4.3804,39.4236,177.0858,2.09839,1.24,100000000,40000
314,1.182,310000,210000,3121,3221,3122,3222,8,74.2379,4.1805,33.4441,142.1886,1.79051,1.92,100000000,40000
315,5.511,310000,220000,3122,3222,3123,3223,24,100.3116,4.4859,107.6626,489.1168,1.67706,1.57,100000000,40000
316,3.787,310000,230000,3123,3223,3124,3224,8,82.5695,4.2471,33.9765,147.2269,1.90902,1.63,96614693.38,67607.82248
317,0,310000,240000,3124,3224,3125,3225,7,63.9367,4.022,28.1538,115.0399,1.73091,2.33,99806002.92,42861.79469
318,0,310000,250000,3125,3225,3126,3226,6,55.657,3.9749,23.8496,95.3525,1.39409,3.98,100000000,40000
319,32.268,310000,260000,3126,3226,3127,3227,8,209.2519,4.7422,37.9374,189.297,3.18445,0.48,90843653.61,39982.22731
320,6.814,320000,210000,3221,3321,3222,3322,24,91.5987,4.3422,104.2124,462.1805,1.91257,1.47,87265200.73,40659.14719
321,5.061,320000,220000,3222,3322,3223,3323,19,88.3361,4.2738,81.2026,354.4474,1.89889,1.6,58157101.53,45502.16208
322,0,320000,230000,3223,3323,3224,3324,15,40.4645,3.588,53.8199,196.7198,1.66213,3.37,28116733.74,66695.64285
323,1.559,320000,240000,3224,3324,3225,3325,17,59.9954,3.7908,64.4435,253.1357,2.1032,2.03,41561357.1,62585.92469
324,0.018,320000,250000,3225,3325,3226,3326,11,53.4707,3.8423,42.2652,165.4223,1.73358,2.65,61859165.25,59118.148
325,3.035,320000,260000,3226,3326,3227,3327,9,64.5699,3.7359,33.6234,132.2255,2.48191,1.72,11268751.66,25501.58924
326,0,330000,230000,3323,3423,3324,3424,0,0,0,0,0,0,0,162100.716,3354.028303
327,0,330000,240000,3324,3424,3325,3425,0,0,0,0,0,0,0,67001.06938,2442.705896
328,0,330000,250000,3325,3425,3326,3426,0,0,0,0,0,0,0,2402690.73,10831.91211
329,0,40000,260000,426,526,427,527,0,0,0,0,0,0,0,2510947.579,14617.73505
330,0,50000,240000,524,624,525,625,8,21.4233,2.9536,23.6289,71.5255,1.64516,4.71,16724992,71767.08086
331,0.57,50000,250000,525,625,526,626,12,41.7704,3.2182,38.6185,133.9179,2.54958,2.22,21605623.42,100091.372
332,0,50000,260000,526,626,527,627,11,21.5996,2.9585,32.5438,98.7637,1.64574,4.7,11550171.15,64885.49799
333,0.32,60000,230000,623,723,624,724,4,21.7495,2.9347,11.7386,35.5009,0,0,8105205.111,27214.74518
334,0.035,60000,240000,624,724,625,725,15,32.0079,2.9961,44.9413,144.1004,2.27434,2.8,76014289.13,98017.39381
335,0.92,60000,250000,625,725,626,726,24,43.705,3.4404,82.5693,299.8515,2.28949,2.24,84200635.34,101909.2287
336,0,60000,260000,626,726,627,727,12,21.6415,3.0045,36.054,110.1394,1.50113,5.65,19624874.81,46589.67025
337,8.6,70000,210000,721,821,722,822,0,0,0,0,0,0,0,3989343.941,13763.56115
338,0.88,70000,220000,722,822,723,823,2,25.617,3.1019,6.2039,19.8364,0,0,3154710.633,28078.12505
339,0,70000,230000,723,823,724,824,12,35.4657,3.3073,39.6874,135.9775,1.92524,3.04,47497827.13,124472.2836
340,0.013,70000,240000,724,824,725,825,23,29.6076,3.1055,71.4257,232.3154,1.99577,3.17,88790265.33,96321.40566
341,0.349,70000,250000,725,825,726,826,13,44.4488,3.0987,40.2833,135.3323,2.54892,2.35,99783595.28,41106.66651
342,0.176,70000,260000,726,826,727,827,14,37.1134,3.2561,45.5851,157.0473,2.25744,2.51,60660969.31,82600.95541
343,8.6,80000,200000,820,920,821,921,6,96.4477,4.2796,25.6774,114.8221,2.70032,1.03,15235574.66,32867.21644
344,8.6,80000,210000,821,921,822,922,2,30.9625,3.4247,6.8494,23.4896,0,0,11485935.48,25461.62114
345,0.303,80000,220000,822,922,823,923,6,68.1648,4.0416,24.2499,100.1645,1.92801,1.91,40498093.25,155111.6995
346,1.05,80000,230000,823,923,824,924,4,44.3242,3.7462,14.985,56.5188,0,0,73893155.97,90321.02596
347,0,80000,240000,824,924,825,925,8,32.9334,3.3106,26.4849,90.2025,1.82239,3.31,99043883.8,46661.85058
348,0,80000,250000,825,925,826,926,5,57.994,4.0169,20.0847,81.1793,1.42426,3.62,100000000,40000
349,0.76,80000,260000,826,926,827,927,2,114.1945,4.6777,9.3554,44.0074,0,0,93598523.55,66599.04008
350,5.155,90000,200000,920,1020,921,1021,11,70.7884,3.7436,41.1792,164.0653,2.70583,1.56,16385324.98,32644.90675
351,1.819,90000,220000,922,1022,923,1023,17,58.3171,3.6259,61.6408,234.9087,2.32619,1.98,61678173.2,128757.049
352,1.238,90000,230000,923,1023,924,1024,18,54.4591,3.7823,68.0818,266.2798,2.05105,2.11,78583308.26,160755.8683
353,0.99,90000,240000,924,1024,925,1025,2,14.119,2.6465,5.293,14.0119,0,0,100000000,40000
354,0,90000,250000,925,1025,926,1026,13,19.7801,2.9076,37.7994,111.9463,1.51015,5.8,100000000,40000
355,0,90000,260000,926,1026,927,1027,9,31.6187,3.379,30.4109,104.0982,1.50573,4.69,100000000,40000
356,3.666,100000,220000,1022,1122,1023,1123,8,63.4921,3.8366,30.6929,123.2997,2.43479,1.64,86992396.33,41232.44362
357,27.056,100000,230000,1023,1123,1024,1124,5,156.8846,4.7346,23.6729,114.9857,2.34461,0.66,100000000,40000
358,7.5,100000,240000,1024,1124,1025,1125,3,120.4227,4.2081,12.6243,56.603,0,0,100000000,40000
359,5.514,100000,250000,1025,1125,1026,1126,18,70.7127,3.816,68.6885,277.4535,2.58522,1.56,100000000,40000
360,0,110000,220000,1122,1222,1123,1223,20,33.2749,3.4458,68.9162,239.8501,1.42443,5.24,77721915.19,39148.33763
361,11.244,110000,230000,1123,1223,1124,1224,10,102.1498,4.3689,43.6891,196.2751,2.16992,1.2,100000000,40000
362,31.754,110000,240000,1124,1224,1125,1225,21,212.8165,4.7641,100.0451,501.4012,3.04387,0.48,100000000,40000
363,11.365,110000,250000,1125,1225,1126,1226,18,102.4684,4.3168,77.7033,346.8144,2.26644,1.2,100000000,40000
364,17.38,120000,220000,1222,1322,1223,1323,48,128.6459,4.2736,205.1333,933.0251,2.98951,0.94,68900183.55,46595.62351
365,24.368,120000,230000,1223,1323,1224,1324,21,154.2661,4.6772,98.2202,475.1064,2.42648,0.7,100000000,40000
366,26.266,120000,240000,1224,1324,1225,1325,24,158.3039,4.7063,112.9501,551.1748,2.51733,0.64,100000000,40000
367,13.071,120000,250000,1225,1325,1226,1326,20,112.8053,4.3741,87.4829,395.6159,2.28341,1.12,100000000,40000
368,29.939,130000,220000,1322,1422,1323,1423,29,207.3118,4.6771,135.6371,672.7868,3.22512,0.53,74135304.16,86306.34989
369,48.033,130000,230000,1323,1423,1324,1424,22,276.1187,5.2567,115.6465,625.0466,2.46756,0.05,100000000,40000
370,39.878,130000,240000,1324,1424,1325,1425,21,230.7619,5.0131,105.2752,551.2156,2.95367,0.26,100000000,40000
371,53.528,130000,250000,1325,1425,1326,1426,19,303.4369,5.3819,102.2554,566.6194,2.58949,-0.09,100000000,40000
372,13.763,130000,260000,1326,1426,1327,1427,44,116.6484,4.4066,193.8883,882.9307,2.25886,1.09,100000000,40000
373,12.805,140000,210000,1421,1521,1422,1522,11,108.7622,4.4108,48.5193,220.1399,2.18772,1.13,99596030.56,46372.61585
374,41.088,140000,220000,1422,1522,1423,1523,15,268.2698,5.0439,75.6588,398.6946,3.01759,0.23,99987309.11,40245.16372
375,39.886,140000,230000,1423,1523,1424,1524,20,227.484,5.0517,101.0335,527.1706,2.55955,0.26,100000000,40000
376,19.559,140000,240000,1424,1524,1425,1525,29,129.4781,4.4975,130.4283,611.1056,2.54831,0.86,100000000,40000
377,22.737,140000,250000,1425,1525,1426,1526,39,154.2645,4.5994,179.3748,857.6211,2.52543,0.75,100000000,40000
378,16.126,140000,260000,1426,1526,1427,1527,28,119.8798,4.3119,120.7325,547.3844,2.70827,0.99,100000000,40000
379,4.625,150000,200000,1520,1620,1521,1621,12,73.7472,3.4959,41.9505,160.4713,3.06725,1.61,100000000,40000
380,15.149,150000,210000,1521,1621,1522,1622,25,116.2964,4.4566,111.4153,512.4258,2.25626,1.03,100000000,40000
381,22.444,150000,220000,1522,1622,1523,1623,35,145.2314,4.554,159.3908,758.6769,2.67062,0.76,100000000,40000
382,24.738,150000,230000,1523,1623,1524,1624,17,153.6584,4.6095,78.3615,377.1077,2.70981,0.69,100000000,40000
383,43.404,150000,240000,1524,1624,1525,1625,14,232.6162,5.1491,72.0875,381.4311,2.42961,0.17,100000000,40000
384,24.968,150000,250000,1525,1625,1526,1626,25,163.5705,4.5269,113.1722,542.7716,3.08472,0.68,100000000,40000
385,8.749,150000,260000,1526,1626,1527,1627,18,92.0956,4.213,75.8332,330.6969,2.2529,1.34,100000000,40000
386,13.302,150000,270000,1527,1627,1528,1628,25,107.5362,4.0989,102.4717,448.2473,2.95808,1.11,100000000,40000
387,2.992,160000,200000,1620,1720,1621,1721,8,58.651,3.7514,30.0111,118.3939,2.48703,1.7,100000000,40000
388,13.521,160000,210000,1621,1721,1622,1722,22,114.689,4.4772,98.4989,452.7773,2.11452,1.1,100000000,40000
389,6.714,160000,220000,1622,1722,1623,1723,11,83.9223,4.1832,46.0155,198.3887,2.15506,1.45,100000000,40000
390,11.963,160000,230000,1623,1723,1624,1724,15,112.3052,4.4341,66.5119,302.5009,2.08707,1.17,100000000,40000
391,7.73,160000,240000,1624,1724,1625,1725,28,95.754,4.0521,113.4586,480.695,2.413,1.41,100000000,40000
392,12.191,160000,250000,1625,1725,1626,1726,17,104.3696,3.8941,66.1995,281.3659,3.36679,1.16,100000000,40000
393,19.611,160000,260000,1626,1726,1627,1727,19,135.4543,4.3305,82.279,378.9025,3.06608,0.86,100000000,40000
394,7.983,160000,270000,1627,1727,1628,1728,22,133.3766,3.7974,83.5438,341.5954,2.9348,1.39,100000000,40000
395,2.735,170000,200000,1720,1820,1721,1821,13,69.2457,4.017,52.2214,215.7837,2.02916,1.81,100000000,40000
396,7.901,170000,210000,1721,1821,1722,1822,12,81.9627,4.0827,48.9924,208.5636,2.41389,1.38,100000000,40000
397,20.244,170000,220000,1722,1822,1723,1823,8,136.5687,4.3143,34.5147,158.315,3.18751,0.85,100000000,40000
398,28.618,170000,230000,1723,1823,1724,1824,22,184.4425,4.7005,103.4112,508.9256,2.83743,0.57,100000000,40000
399,3.122,170000,240000,1724,1824,1725,1825,23,60.0692,3.5924,82.6248,316.421,2.57001,1.81,100000000,40000
400,0,170000,250000,1725,1825,1726,1826,7,41.5584,3.6586,25.6101,94.6949,1.50361,4.02,100000000,40000
401,1.932,170000,260000,1726,1826,1727,1827,23,63.3958,3.9121,89.9782,362.6453,2.00471,1.99,100000000,40000
402,29.569,170000,270000,1727,1827,1728,1828,11,235.5279,4.6663,51.3288,252.8436,3.17266,0.55,100000000,40000
403,0.15,180000,200000,1820,1920,1821,1921,24,44.8466,3.6186,86.8466,323.0641,1.85625,2.72,100000000,40000
404,3.498,180000,210000,1821,1921,1822,1922,18,66.5453,3.9118,70.4119,286.1662,2.21333,1.75,100000000,40000
405,0.845,180000,220000,1822,1922,1823,1923,16,56.761,3.8653,61.8444,245.4004,1.91725,2.2,100000000,40000
406,2.655,180000,230000,1823,1923,1824,1924,22,62.043,3.8959,85.7091,345.7764,2.12054,1.87,100000000,40000
407,4.994,180000,240000,1824,1924,1825,1925,14,76.3721,4.1292,57.8089,245.7274,2.08544,1.59,100000000,40000
408,0.464,180000,250000,1825,1925,1826,1926,11,60.8026,3.9144,43.0584,172.3828,1.85757,2.23,100000000,40000
409,1.069,190000,200000,1920,2020,1921,2021,20,55.0539,3.7,74.0006,284.068,2.08542,2.17,100000000,40000
410,3.045,190000,210000,1921,2021,1922,2022,28,71.1985,4.0874,114.4461,479.5994,1.93781,1.83,100000000,40000
411,13.279,190000,220000,1922,2022,1923,2023,15,109.2977,4.2429,63.6437,282.6629,2.58504,1.11,100000000,40000
412,0.168,200000,210000,2021,2121,2022,2122,21,63.8621,4.0635,85.334,351.0625,1.59041,2.66,100000000,40000
413,0,200000,220000,2022,2122,2023,2123,8,48.2532,3.7707,30.166,115.6805,1.69107,2.91,100000000,40000
414,0,20000,90000,209,309,210,310,0,0,0,0,0,0,0,6335902.399,49461.97683
415,0,20000,100000,210,310,211,311,0,0,0,0,0,0,0,1026081.903,9613.932123
416,9.316,30000,60000,306,406,307,407,12,115.7122,3.768,45.216,185.7082,3.25662,1.3,16457134.21,53068.27292
417,5.771,30000,70000,307,407,308,408,12,70.9021,3.6279,43.5347,171.1547,2.99244,1.52,35474729.33,62019.65152
418,1.74,30000,90000,309,409,310,410,7,70.8547,3.991,27.9367,114.6816,2.07272,1.79,18887090.62,37600.26688
419,0.414,30000,100000,310,410,311,411,18,42.7545,3.5056,63.1001,230.6121,2.1044,2.41,63463190.12,81179.47055
420,1.11,30000,110000,311,411,312,412,0,0,0,0,0,0,0,3306882.562,12402.54521
421,0,40000,50000,405,505,406,506,0,0,0,0,0,0,0,2730446.588,18666.19157
422,1.045,40000,60000,406,506,407,507,24,52.4839,3.4474,82.7369,301.4743,2.31762,2.2,42838713.09,77762.39544
423,0.234,40000,70000,407,507,408,508,34,42.8029,3.482,118.3895,427.3923,1.96928,2.68,82459192.63,80948.54553
424,0,40000,80000,408,508,409,509,11,35.6575,3.4046,37.4502,131.3526,1.85999,3.05,31959577.63,49509.94649
425,2.04,40000,90000,409,509,410,510,3,96.1783,4.4939,13.4818,61.0475,0,0,13941845.45,42498.23898
426,0,40000,100000,410,510,411,511,13,42.5585,3.6141,46.9828,172.9357,1.66744,3.29,97671320.76,51750.96308
427,0.81,40000,110000,411,511,412,512,4,30.151,3.3619,13.4475,45.542,0,0,44261283.63,41367.03993
428,0,50000,60000,506,606,507,607,22,26.54,3.1045,68.2993,218.147,1.71505,4.07,99644593.94,42074.84119
429,0.999,50000,70000,507,607,508,608,13,51.9481,3.4686,45.0924,165.4709,2.38445,2.11,100000000,40000
430,0.06,50000,80000,508,608,509,609,20,38.592,3.3942,67.8837,238.9056,1.95168,2.85,82371169.85,43199.22789
431,2.24,50000,90000,509,609,510,610,2,124.129,4.7171,9.4342,44.9338,0,0,12717336.54,29542.7139
432,16.233,50000,100000,510,610,511,611,10,107.4101,4.0808,40.8078,180.2751,3.44154,0.99,99999173.24,40000.21287
433,0.053,50000,110000,511,611,512,612,15,32.7051,3.2346,48.5187,164.8737,2.12315,2.74,38641222.06,51767.59831
434,0,50000,120000,512,612,513,613,0,0,0,0,0,0,0,63557.08291,1617.654383
435,0,60000,60000,606,706,607,707,13,23.1052,3.0162,39.2102,121.4115,1.66879,4.46,80986283.11,86129.38442
436,0,60000,70000,607,707,608,708,11,22.3006,2.9645,32.6095,99.4805,1.69903,4.4,100000000,40000
437,0.3,60000,80000,608,708,609,709,2,20.765,3.0149,6.0298,18.2533,0,0,98551225.1,39464.677
438,0,60000,90000,609,709,610,710,6,33.2213,3.3603,20.1618,69.7206,1.87356,3.09,27017295.26,65410.83945
439,0.15,60000,100000,610,710,611,711,23,43.1892,3.5537,81.7344,299.5752,1.90368,2.71,91889960.55,43396.71652
440,1.46,60000,110000,611,711,612,712,12,54.135,3.6204,43.4447,165.1239,2.32581,1.99,28963129.64,46577.21486
441,0.8,60000,120000,612,712,613,713,0,0,0,0,0,0,0,1717076.878,16930.9014
442,0.8,60000,130000,613,713,614,714,0,0,0,0,0,0,0,5204133.825,12327.98016
443,0,70000,60000,706,806,707,807,13,36.0395,3.4747,45.1716,159.9388,1.64587,3.66,63497258.75,114848.1164
444,0,70000,70000,707,807,708,808,6,25.3087,3.2124,19.2741,62.1484,1.24108,9.66,100000000,40000
445,0,70000,80000,708,808,709,809,7,21.0263,2.953,20.6711,62.3665,1.59972,4.99,100000000,40000
446,0.943,70000,90000,709,809,710,810,35,50.2724,3.5741,125.0931,466.7842,2.14044,2.27,86567069.09,100200.06
447,0,70000,100000,710,810,711,811,11,33.5905,3.3237,36.5611,125.5963,1.89364,3.09,83624622.08,60828.19496
448,39.453,70000,110000,711,811,712,812,29,372.6052,4.8692,141.2069,760.8309,5.04098,0.27,50220965.78,87113.63767
449,0,70000,120000,712,812,713,813,10,27.3337,3.227,32.2695,105.8807,1.55393,4.7,58376901.3,44768.41728
450,0,70000,130000,713,813,714,814,5,35.1022,3.3096,16.5478,57.2091,2.18481,2.54,31958510.59,43345.90811
451,0,80000,60000,806,906,807,907,16,31.4627,3.3495,53.5913,182.8103,1.59943,4.15,81307741.83,84676.38618
452,0.026,80000,70000,807,907,808,908,18,36.2572,3.3385,60.0939,208.1915,1.94854,2.94,99937438.4,41375.60997
453,0.606,80000,80000,808,908,809,909,10,48.277,3.6478,36.4781,138.4006,2.15966,2.14,100000000,40000
454,8.142,80000,90000,809,909,810,910,22,91.7136,4.0188,88.4143,373.2654,2.52025,1.38,100000000,40000
455,4.887,80000,100000,810,910,811,911,17,76.9199,3.7889,64.4119,258.1083,2.55303,1.61,100000000,40000
456,25.573,80000,110000,811,911,812,912,32,180.0537,4.5457,145.4636,701.7761,3.13779,0.66,98810183.18,47686.47899
457,16.197,80000,120000,812,912,813,913,6,132.869,4.1268,24.761,109.0478,3.22715,1,100000000,40000
458,2.677,80000,130000,813,913,814,914,20,60.3114,3.7517,75.0336,294.653,2.29782,1.86,80223021.86,64632.63966
459,2.757,90000,70000,907,1007,908,1008,16,59.6283,3.797,60.7513,240.7494,2.26989,1.83,98643357.72,53966.5329
460,6.268,90000,80000,908,1008,909,1009,17,91.3436,4.2928,72.9776,320.4527,1.95351,1.5,100000000,40000
461,2.604,90000,90000,909,1009,910,1010,27,68.6888,3.9722,107.2489,438.8538,2.01938,1.89,100000000,40000
462,4.961,90000,100000,910,1010,911,1011,26,83.6055,4.0503,105.3076,441.3044,2.15726,1.62,100000000,40000
463,5.666,90000,110000,911,1011,912,1012,15,85.1352,3.8008,57.0126,229.9705,2.64786,1.54,100000000,40000
464,0.088,90000,120000,912,1012,913,1013,15,47.5193,3.6738,55.1074,207.6759,1.84166,2.66,100000000,40000
465,0.756,90000,130000,913,1013,914,1014,31,49.1455,3.5422,109.8086,406.0121,2.12508,2.33,99563224.2,56086.4844
466,0,90000,140000,914,1014,915,1015,17,33.1221,3.3986,57.7768,200.0395,1.61511,3.96,78532652.5,45932.72857
467,0.048,100000,70000,1007,1107,1008,1108,12,36.5791,3.3138,39.7657,138.0854,2.13264,2.62,100000000,40000
468,2.765,100000,80000,1008,1108,1009,1109,24,77.1612,3.4408,82.5802,307.0631,2.71342,1.86,100000000,40000
469,2.394,100000,90000,1009,1109,1010,1110,16,62.2716,3.803,60.8488,240.8972,2.21497,1.88,100000000,40000
470,14.673,100000,100000,1010,1110,1011,1111,26,121.2677,4.1321,107.4357,474.8742,3.04159,1.05,100000000,40000
471,10.105,100000,110000,1011,1111,1012,1112,13,94.2566,3.9724,51.6409,218.4174,2.86334,1.26,100000000,40000
472,1.669,100000,120000,1012,1112,1013,1113,14,59.5291,3.853,53.9418,214.7411,2.07251,1.98,100000000,40000
473,0.018,100000,130000,1013,1113,1014,1114,16,50.4851,3.7914,60.6616,233.968,1.67367,2.93,100000000,40000
474,1.437,110000,120000,1112,1212,1113,1213,25,56.9116,3.7418,93.5452,363.1574,2.09516,2.1,100000000,40000
475,4.816,110000,130000,1113,1213,1114,1214,13,76.2598,3.8901,50.5715,206,2.40842,1.6,100000000,40000
476,0.592,120000,80000,1208,1308,1209,1309,8,61.3347,3.8688,30.9502,123.1838,2.01672,2.04,100000000,40000
477,0.074,250000,210000,2521,2621,2522,2622,23,54.6921,3.8943,89.5689,354.111,1.63388,2.86,100000000,40000
478,10.999,260000,180000,2618,2718,2619,2719,23,112.8375,4.4626,102.6389,468.4355,1.98906,1.22,100000000,40000
479,0.484,260000,190000,2619,2719,2620,2720,30,68.8859,4.1137,123.4108,514.3748,1.61717,2.46,100000000,40000
480,0.032,260000,200000,2620,2720,2621,2721,14,60.7265,3.9985,55.9787,226.6994,1.59974,2.77,100000000,40000
481,0.374,260000,210000,2621,2721,2622,2722,21,70.6379,4.1484,87.1155,365.7097,1.59193,2.47,100000000,40000
482,0.888,260000,220000,2622,2722,2623,2723,13,54.0891,3.6456,47.3934,179.9532,2.16665,2.14,100000000,40000
483,2.677,260000,230000,2623,2723,2624,2724,20,78.0834,4.1369,82.7374,349.6684,1.8661,1.86,100000000,40000
484,7.604,260000,240000,2624,2724,2625,2725,10,101.1198,4.4101,44.1006,198.1716,1.89631,1.39,100000000,40000
485,14.917,270000,190000,2719,2819,2720,2820,17,125.1082,4.5827,77.9054,364.5537,1.98661,1.04,100000000,40000
486,9.856,270000,200000,2720,2820,2721,2821,22,106.694,4.4149,97.1277,438.8877,1.99929,1.28,100000000,40000
487,1.329,270000,210000,2721,2821,2722,2822,26,73.7631,4.1513,107.9342,455.3032,1.71246,2.13,100000000,40000
488,0,270000,220000,2722,2822,2723,2823,15,43.1827,3.6436,54.6542,202.3951,1.61976,3.43,100000000,40000
489,3.441,270000,230000,2723,2823,2724,2824,19,83.1772,4.2111,80.0107,343.7904,1.85384,1.76,100000000,40000
490,0.08,270000,240000,2724,2824,2725,2825,11,68.3698,4.1161,45.2769,188.5926,1.60342,2.5,100000000,40000
491,13.969,280000,190000,2819,2919,2820,2920,14,123.5019,4.5382,63.5342,294.7246,2.01667,1.08,100000000,40000
492,12.851,280000,200000,2820,2920,2821,2921,20,119.5411,4.3523,87.0456,392.1748,2.31068,1.13,100000000,40000
493,1.574,280000,210000,2821,2921,2822,2922,49,78.9946,4.2462,208.0649,895.4575,1.64762,2.11,100000000,40000
494,2.017,280000,220000,2822,2922,2823,2923,34,82.3297,4.2936,145.9822,635.1027,1.65194,2,100000000,40000
495,6.376,280000,230000,2823,2923,2824,2924,16,101.7235,4.4783,71.6525,325.3978,1.73117,1.49,100000000,40000
496,3.395,280000,240000,2824,2924,2825,2925,6,90.8527,4.299,25.7938,112.8631,1.87521,1.59,100000000,40000
497,7.722,290000,200000,2920,3020,2921,3021,27,110.865,4.5996,124.1891,577.6194,1.64235,1.41,100000000,40000
498,11.405,290000,210000,2921,3021,2922,3022,25,123.7886,4.3771,109.4268,493.0743,2.1525,1.2,100000000,40000
499,2.021,290000,240000,2924,3024,2925,3025,14,87.1126,4.3468,60.8557,267.731,1.64253,1.92,100000000,40000
500,2.463,220000,160000,2216,2316,2217,2317,11,78.0324,4.1946,46.1402,197.2337,1.83661,1.82,100000000,40000
501,0,220000,170000,2217,2317,2218,2318,14,54.6646,3.9291,55.0068,218.0493,1.46925,3.56,100000000,40000
502,2.406,230000,130000,2313,2413,2314,2414,23,60.584,3.7572,86.4151,339.0318,2.2429,1.91,100000000,40000
503,0.027,230000,140000,2314,2414,2315,2415,14,44.2085,3.6314,50.8391,189.2505,1.81688,2.79,100000000,40000
504,2.888,230000,150000,2315,2415,2316,2416,8,69.152,4.0528,32.4227,135.1028,2.0687,1.71,100000000,40000
505,21.244,230000,160000,2316,2416,2317,2417,5,139.0982,4.6584,23.2921,110.8454,2.14904,0.84,100000000,40000
506,4.638,230000,170000,2317,2417,2318,2418,20,85.891,4.1751,83.5024,357.5818,1.98635,1.64,100000000,40000
507,20.372,240000,110000,2411,2511,2412,2512,7,129.1423,4.477,31.3388,145.9639,2.64148,0.85,98483499.4,53552.93758
508,12.851,240000,120000,2412,2512,2413,2513,20,115.7288,4.5427,90.8543,421.2012,1.95016,1.13,100000000,40000
509,13.256,240000,130000,2413,2513,2414,2514,9,114.1826,4.461,40.1494,183.6773,2.12917,1.11,100000000,40000
510,0.068,240000,140000,2414,2514,2415,2515,9,51.2073,3.7892,34.1031,132.4688,1.89044,2.37,100000000,40000
511,0.198,240000,150000,2415,2515,2416,2516,12,79.5478,4.2808,51.369,221.8434,1.52281,2.42,100000000,40000
512,0.151,240000,160000,2416,2516,2417,2517,9,100.9977,4.567,41.1031,188.5332,1.37597,2.29,100000000,40000
513,7.922,240000,170000,2417,2517,2418,2518,18,86.4586,4.1659,74.987,323.6198,2.25399,1.39,100000000,40000
514,6.049,250000,110000,2511,2611,2512,2612,12,99.3738,4.4215,53.0583,238.3526,1.79354,1.5,96165317.31,71136.21911
515,0,250000,120000,2512,2612,2513,2613,5,52.7006,3.8456,19.2279,75.0688,1.70004,2.74,100000000,40000
516,5.454,250000,130000,2513,2613,2514,2614,9,94.4684,4.422,39.798,178.6496,1.78058,1.52,100000000,40000
517,1.595,250000,140000,2514,2614,2515,2615,18,65.5287,3.9933,71.8799,294.0522,1.90075,2.03,100000000,40000
518,11.032,250000,150000,2515,2615,2516,2616,10,99.5327,4.3362,43.3623,193.6871,2.2098,1.21,100000000,40000
519,41.435,250000,160000,2516,2616,2517,2617,7,235.7103,5.086,35.6023,186.0097,2.47666,0.23,100000000,40000
520,0.193,250000,170000,2517,2617,2518,2618,8,47.093,3.5262,28.2095,104.0994,2.2548,2.18,100000000,40000
521,6.376,250000,180000,2518,2618,2519,2619,16,83.892,3.9422,63.0749,261.0364,2.48087,1.49,100000000,40000
522,39.853,260000,110000,2611,2711,2612,2712,8,320.9435,4.8781,39.0245,207.3775,4.75411,0.27,86736199.06,101902.9333
523,22.556,260000,120000,2612,2712,2613,2713,9,139.5931,4.6363,41.7266,199.3871,2.36553,0.77,98157219.79,51410.9548
524,18.95,260000,130000,2613,2713,2614,2714,10,140.0773,4.7119,47.1195,225.9092,1.92894,0.89,98820091.06,72300.24984
525,14.487,260000,140000,2614,2714,2615,2715,8,102.8231,4.2433,33.9466,150.9801,2.7054,1.06,100000000,40000
526,10.581,270000,120000,2712,2812,2713,2813,19,109.8348,4.543,86.3168,398.8011,1.83765,1.24,98638945.7,55229.89029
527,0.37,210000,170000,2117,2217,2118,2218,27,44.246,3.5548,95.9797,353.6556,1.99861,2.52,100000000,40000
528,0.252,210000,180000,2118,2218,2119,2219,16,43.3087,3.558,56.9283,209.8775,2.0114,2.49,100000000,40000
529,0,210000,190000,2119,2219,2120,2220,8,43.7069,3.7527,30.0219,113.0631,1.26957,6.48,100000000,40000
530,2.835,220000,180000,2218,2318,2219,2319,16,69.4232,4.0247,64.3956,266.555,2.01667,1.82,100000000,40000
531,1.374,220000,190000,2219,2319,2220,2320,15,69.8913,4.0573,60.8601,252.0422,1.82993,2.05,100000000,40000
532,1.238,220000,200000,2220,2320,2221,2321,18,70.9691,4.1092,73.965,309.3362,1.75714,2.11,100000000,40000
533,7.901,220000,210000,2221,2321,2222,2322,17,87.0411,4.2197,71.7354,312.3898,2.17722,1.39,100000000,40000
534,0,230000,180000,2318,2418,2319,2419,5,51.5624,3.9155,19.5775,76.9337,1.30165,5.25,100000000,40000
535,0,230000,190000,2319,2419,2320,2420,14,54.4825,3.8982,54.5749,215.3111,1.55948,3.15,100000000,40000
536,11.061,230000,200000,2320,2420,2321,2421,11,103.5658,4.2292,46.5217,204.4975,2.41114,1.21,100000000,40000
537,6.295,230000,210000,2321,2421,2322,2422,18,89.5593,4.1863,75.3534,324.8322,2.10185,1.5,100000000,40000
538,0.001,240000,180000,2418,2518,2419,2519,17,57.5691,3.976,67.5918,271.365,1.49888,3.27,100000000,40000
539,0.007,240000,190000,2419,2519,2420,2520,33,53.1248,3.8925,128.4521,505.3836,1.50716,3.43,100000000,40000
540,2.428,240000,200000,2420,2520,2421,2521,21,73.6524,4.0182,84.3828,348.1939,1.96492,1.9,100000000,40000
541,0.657,240000,210000,2421,2521,2422,2522,17,68.4781,4.0715,69.2154,286.444,1.71285,2.28,100000000,40000
542,11.405,250000,190000,2519,2619,2520,2620,25,109.5792,4.3957,109.8936,496.585,2.11823,1.2,100000000,40000
543,1.531,250000,200000,2520,2620,2521,2621,19,75.2875,4.1878,79.5688,338.5012,1.71881,2.05,100000000,40000
544,3.208,170000,320000,1732,1832,1733,1833,8,62.1781,3.7453,29.9627,118.1884,2.51771,1.68,100000000,40000
545,34.345,170000,330000,1733,1833,1734,1834,16,234.8156,4.8089,76.9426,391.3715,3.29811,0.41,100000000,40000
546,5.454,170000,340000,1734,1834,1735,1835,9,86.5996,4.2433,38.1894,165.924,2.00587,1.52,100000000,40000
547,37.668,180000,310000,1831,1931,1832,1932,16,249.666,4.928,78.8473,408.9009,3.20467,0.32,100000000,40000
548,0,180000,320000,1832,1932,1833,1933,7,29.5756,3.2356,22.6493,75.5308,1.84389,3.37,100000000,40000
549,24.002,180000,330000,1833,1933,1834,1934,6,146.5978,4.439,26.6338,124.9906,3.19984,0.74,100000000,40000
550,0.218,180000,340000,1834,1934,1835,1935,10,42.5525,3.284,32.8399,114.6937,2.39236,2.31,100000000,40000
551,0,190000,290000,1929,2029,1930,2030,6,68.8487,4.1291,24.7748,103.5969,1.66463,2.29,100000000,40000
552,0.192,190000,300000,1930,2030,1931,2031,5,75.3988,4.1411,20.7057,87.4906,1.9359,1.75,100000000,40000
553,0.141,190000,310000,1931,2031,1932,2032,8,63.7389,4.0094,32.075,130.9783,1.79105,2.21,100000000,40000
554,0,190000,340000,1934,2034,1935,2035,8,51.3385,3.9074,31.2595,122.621,1.29808,5.33,100000000,40000
555,0.007,200000,280000,2028,2128,2029,2129,16,53.9436,3.9005,62.4086,246.6069,1.58474,3.04,100000000,40000
556,0.024,200000,290000,2029,2129,2030,2130,8,61.2265,3.9414,31.5313,126.6578,1.79157,2.33,100000000,40000
557,0.012,200000,300000,2030,2130,2031,2131,9,58.8783,3.9147,35.232,140.3886,1.7425,2.49,100000000,40000
558,0.8,200000,340000,2034,2134,2035,2135,0,0,0,0,0,0,0,100000000,40000
559,0,210000,280000,2128,2228,2129,2229,11,55.6353,3.9532,43.4847,173.2754,1.44865,3.63,100000000,40000
560,0,210000,290000,2129,2229,2130,2230,7,56.5909,3.896,27.2718,107.8695,1.6812,2.7,100000000,40000
561,0,210000,300000,2130,2230,2131,2231,9,59.3017,4.0253,36.2275,146.8337,1.42612,3.59,100000000,40000
562,6.988,120000,130000,1213,1313,1214,1314,13,92.1125,4.3096,56.0253,247.0832,1.98423,1.44,100000000,40000
563,8.116,120000,140000,1214,1314,1215,1315,20,92.1079,4.0875,81.7504,348.7978,2.4057,1.38,99985494.96,40253.61958
564,11.084,130000,130000,1313,1413,1314,1414,12,98.9691,4.3292,51.951,231.9914,2.23091,1.21,100000000,40000
565,5.835,130000,140000,1314,1414,1315,1415,16,90.966,4.2694,68.311,298.4561,1.96132,1.53,100000000,40000
566,5.027,140000,130000,1413,1513,1414,1514,11,85.4184,4.1194,45.3138,192.3355,2.12308,1.57,100000000,40000
567,3.463,140000,140000,1414,1514,1415,1515,15,61.4261,3.8102,57.1527,227.9939,2.35112,1.74,99795191.59,51837.95424
568,0.914,150000,130000,1513,1613,1514,1614,18,49.9681,3.6277,65.298,246.6507,2.1343,2.2,100000000,40000
569,0.012,150000,140000,1514,1614,1515,1615,27,50.023,3.8166,103.049,398.6944,1.57696,3.25,100000000,40000
570,9.537,160000,120000,1612,1712,1613,1713,28,94.9692,4.0934,114.6151,492.4296,2.53008,1.3,100000000,40000
571,3.099,160000,130000,1613,1713,1614,1714,8,73.642,3.9618,31.6943,129.9603,2.20847,1.69,100000000,40000
572,3.558,160000,140000,1614,1714,1615,1715,9,77.7056,4.1759,37.5829,160.5669,1.96044,1.67,100000000,40000
573,14.205,170000,120000,1712,1812,1713,1813,21,109.7295,4.3371,91.0786,411.0219,2.44641,1.07,100000000,40000
574,0.857,170000,130000,1713,1813,1714,1814,28,49.8672,3.6571,102.3983,388.5223,2.0569,2.28,100000000,40000
575,0,170000,140000,1714,1814,1715,1815,11,40.7006,3.5664,39.23,142.5403,1.67033,3.38,100000000,40000
576,0.765,170000,150000,1715,1815,1716,1816,23,52.8276,3.5751,82.2276,306.4036,2.12056,2.29,100000000,40000
577,4.476,170000,160000,1716,1816,1717,1817,18,65.7462,3.6506,65.711,256.7483,2.70732,1.65,100000000,40000
578,6.202,180000,120000,1812,1912,1813,1913,15,73.6452,3.6257,54.3853,214.6358,3.05412,1.5,100000000,40000
579,1.296,180000,140000,1814,1914,1815,1915,20,56.571,3.5987,71.9738,271.3331,2.23737,2.11,100000000,40000
580,2.181,180000,150000,1815,1915,1816,1916,19,57.6705,3.7021,70.3399,272.7385,2.28816,1.93,100000000,40000
582,19.95,190000,250000,1925,2025,1926,2026,8,126.1709,4.5515,36.4116,170.9897,2.38021,0.86,100000000,40000
583,18.439,190000,260000,1926,2026,1927,2027,9,126.5064,4.5481,40.9333,191.6591,2.2894,0.91,100000000,40000
584,0.898,200000,250000,2025,2125,2026,2126,10,78.2516,4.2628,42.6278,183.9937,1.65435,2.06,100000000,40000
585,11.93,200000,260000,2026,2126,2027,2127,12,112.0587,4.3478,52.1731,234.0606,2.24885,1.17,100000000,40000
586,0.356,200000,270000,2027,2127,2028,2128,5,80.1278,4.226,21.1298,90.8288,1.858,1.73,100000000,40000
587,0.389,210000,250000,2125,2225,2126,2226,20,63.5241,4.0311,80.6212,330.068,1.67704,2.45,100000000,40000
588,21.492,210000,260000,2126,2226,2127,2227,6,138.4805,4.7471,28.4825,137.4956,1.96655,0.82,100000000,40000
589,0.791,210000,270000,2127,2227,2128,2228,17,65.7012,3.9946,67.9082,276.7203,1.79295,2.23,100000000,40000
590,1.88,220000,250000,2225,2325,2226,2326,10,75.3077,4.1236,41.2359,173.5363,1.86504,1.88,100000000,40000
591,7.019,220000,260000,2226,2326,2227,2327,5,92.3714,4.2577,21.2883,93.0212,2.16372,1.35,100000000,40000
592,0,220000,270000,2227,2327,2228,2328,8,69.8255,4.1724,33.3794,140.5469,1.53202,2.64,100000000,40000
593,4.642,230000,260000,2326,2426,2327,2427,14,93.4938,4.3852,61.3928,273.3492,1.757,1.62,100000000,40000
594,0.074,230000,270000,2327,2427,2328,2428,16,70.6986,4.178,66.8487,281.8466,1.51027,2.72,100000000,40000
595,27.605,240000,270000,2427,2527,2428,2528,10,172.4745,4.698,46.9804,229.3575,2.66416,0.61,100000000,40000
596,0.849,280000,300000,2830,2930,2831,2931,6,102.124,4.5594,27.3565,125.55,1.49938,1.82,100000000,40000
597,15.482,290000,270000,2927,3027,2928,3028,9,121.961,4.524,40.7156,188.7732,2.13068,1.02,100000000,40000
598,1.203,290000,280000,2928,3028,2929,3029,9,98.4096,4.5152,40.6372,184.7689,1.49229,1.96,100000000,40000
599,1.71,290000,290000,2929,3029,2930,3030,13,80.2814,4.2595,55.3734,239.2476,1.70084,1.96,100000000,40000
600,23.909,290000,300000,2930,3030,2931,3031,8,155.7961,4.945,39.5602,197.2846,1.627,0.73,100000000,40000
601,4.82,290000,310000,2931,3031,2932,3032,4,40.139,3.6064,14.4255,52.8116,0,0,100000000,40000
602,1.279,300000,270000,3027,3127,3028,3128,18,80.8694,4.2695,76.8512,332.2153,1.63393,2.1,99521747.3,56883.89255
603,0,300000,280000,3028,3128,3029,3129,9,52.6544,3.9004,35.1039,138.2068,1.49332,3.49,100000000,40000
604,0,300000,290000,3029,3129,3030,3130,8,73.4245,4.2459,33.9672,145.0722,1.41714,3.02,83150570.36,39080.14489
605,9.335,300000,300000,3030,3130,3031,3131,24,102.3276,4.2952,103.0855,456.1629,2.14453,1.31,77642373.89,72058.08641
606,10.8,300000,310000,3031,3131,3032,3132,4,80.1283,4.2226,16.8903,72.5194,0,0,99883997.21,41692.42707
607,0.402,310000,270000,3127,3227,3128,3228,6,81.2565,4.2595,25.5568,110.3629,1.73074,1.89,56638782.78,72295.90065
608,18.327,310000,280000,3128,3228,3129,3229,7,125.7937,4.3957,30.7702,140.9894,2.65746,0.92,55125670.64,35763.43669
609,0,310000,290000,3129,3229,3130,3230,7,41.7761,3.6567,25.5966,94.705,1.53655,3.82,14951421.83,17266.21795
610,29.293,310000,300000,3130,3230,3131,3231,10,179.0326,4.6151,46.1506,226.2931,3.37326,0.56,37790373.51,28652.94134
611,31.569,310000,310000,3131,3231,3132,3232,8,219.7244,4.7149,37.7193,187.4189,3.2207,0.5,78803648.86,62559.66981
612,18.794,320000,300000,3230,3330,3231,3331,8,121.3371,4.4175,35.3401,162.8075,2.65849,0.9,16475138.63,17818.4775
613,24.55,320000,310000,3231,3331,3232,3332,4,237.1372,5.0992,20.3969,107.5093,0,0,74111232.13,50023.46271
614,0.8,50000,270000,527,627,528,628,0,0,0,0,0,0,0,1878778.245,10979.82724
615,0.01,50000,300000,530,630,531,631,3,25.15,3.1822,9.5465,30.6571,0,0,23445944.62,39032.18755
616,0,50000,310000,531,631,532,632,0,0,0,0,0,0,0,1367599.178,18892.43298
617,0,50000,320000,532,632,533,633,0,0,0,0,0,0,0,4320468.436,42479.17014
618,0.05,60000,270000,627,727,628,728,2,21.2195,3.0373,6.0745,18.5209,0,0,4867529.604,19499.42628
619,0.03,60000,280000,628,728,629,729,1,18.462,2.9157,2.9157,8.5014,0,0,13012631.83,26354.91955
620,0,60000,290000,629,729,630,730,6,20.8495,2.9874,17.9246,54.1508,1.4149,6.66,13612220.73,34300.42509
621,0,60000,300000,630,730,631,731,13,24.8232,3.1389,40.8051,130.045,1.4986,5.34,68093536.3,51834.89971
622,3.695,60000,310000,631,731,632,732,7,64.0949,3.7399,26.1793,103.4993,2.62568,1.61,9539919.611,25467.1598
623,0,60000,320000,632,732,633,733,11,34.7665,3.3746,37.1209,128.4568,1.75873,3.41,30256681.37,57175.04674
624,0,60000,330000,633,733,634,734,9,25.8178,3.1713,28.542,91.9336,1.52336,5.05,46331803.09,82195.39688
625,0.05,60000,340000,634,734,635,735,0,0,0,0,0,0,0,976392.3854,10851.49685
626,0,70000,270000,727,827,728,828,19,25.7581,3.1125,59.1378,189.1011,1.69693,4.13,58406224.63,35410.52198
627,0,70000,280000,728,828,729,829,9,27.4108,3.1696,28.5261,92.8692,1.7399,3.84,11238008.75,27495.00519
628,0,70000,290000,729,829,730,830,26,27.2452,3.1847,82.8027,269.7275,1.63375,4.31,65307954.01,72339.57967
629,0.001,70000,300000,730,830,731,831,21,38.0016,3.4836,73.156,260.418,1.69511,3.44,56144798.3,138945.1139
630,0,70000,310000,731,831,732,832,21,26.8421,3.17,66.5705,216.2677,1.66819,4.16,56156469.49,88511.27911
631,0,70000,320000,732,832,733,833,23,27.9126,3.2591,74.9599,247.137,1.4317,5.68,66226571.14,68353.90135
632,0.002,70000,330000,733,833,734,834,29,39.8599,3.5547,103.0849,373.1886,1.63439,3.55,57801881.42,109337.0366
633,0.13,70000,340000,734,834,735,835,2,21.198,3.0278,6.0555,18.4402,0,0,3310602.606,24184.86573
634,0.004,80000,270000,827,927,828,928,21,34.3752,3.3725,70.8225,245.7389,1.79848,3.28,100000000,40000
635,0.038,80000,280000,828,928,829,929,20,33.9457,3.1418,62.8363,207.7223,2.08832,2.93,23854466.48,33174.0565
636,0.002,80000,290000,829,929,830,930,17,36.1958,3.3974,57.7555,201.7636,1.80173,3.23,45538850.19,80391.93468
637,0.312,80000,300000,830,930,831,931,14,42.1406,3.4239,47.935,172.0266,2.18056,2.4,95823273.69,70762.55724
638,0.037,80000,310000,831,931,832,932,15,37.5837,3.4129,51.1939,181.1264,1.9668,2.79,99731937.34,43390.5401
639,0,80000,320000,832,932,833,933,10,32.5261,3.4284,34.2837,118.5527,1.39921,5.57,99755314.5,47592.10207
640,1.599,80000,330000,833,933,834,934,13,60.5783,3.71,48.2296,186.6776,2.23334,1.98,92265144.63,73620.27947
641,0.389,80000,340000,834,934,835,935,10,48.1506,3.6664,36.664,139.2844,2.08509,2.22,40766688.35,53454.36984
642,0,90000,270000,927,1027,928,1028,8,51.4334,3.8041,30.4325,117.9313,1.74374,2.69,100000000,40000
643,4.486,90000,280000,928,1028,929,1029,31,75.2441,3.7904,117.5026,469.9041,2.46968,1.67,66964908.9,152363.9835
644,0.902,90000,290000,929,1029,930,1030,27,52.1031,3.4661,93.5847,341.4563,2.24917,2.26,70609446.58,160894.6654
645,0,90000,300000,930,1030,931,1031,5,22.9188,3.0367,15.1835,47.0674,1.63201,4.62,100000000,40000
646,2.26,90000,310000,931,1031,932,1032,3,55.3857,3.891,11.673,46.2316,0,0,100000000,40000
647,1.84,90000,320000,932,1032,933,1033,3,33.7987,3.5171,10.5513,37.1302,0,0,100000000,40000
648,2.29,90000,330000,933,1033,934,1034,4,32.031,3.439,13.7562,47.5221,0,0,100000000,40000
649,4.17,90000,340000,934,1034,935,1035,2,64.0815,4.1502,8.3003,34.4876,0,0,25173913.92,44325.65348
650,0,100000,260000,1026,1126,1027,1127,9,39.003,3.4573,31.1159,111.2741,1.97336,2.71,100000000,40000
651,4.095,100000,270000,1027,1127,1028,1128,14,72.5687,3.635,50.8905,197.8954,2.70851,1.67,100000000,40000
652,8.069,100000,280000,1028,1128,1029,1129,33,89.1801,3.9946,131.8209,554.6033,2.54976,1.39,100000000,40000
653,0,100000,290000,1029,1129,1030,1130,16,31.5331,3.3155,53.0482,179.5096,1.63521,4.03,100000000,40000
654,1.266,100000,300000,1030,1130,1031,1131,6,55.7313,3.6783,22.0699,85.3509,2.49261,1.77,100000000,40000
655,18.855,100000,310000,1031,1131,1032,1132,13,123.43,4.5228,58.7964,274.9453,2.37983,0.89,100000000,40000
656,23.973,100000,320000,1032,1132,1033,1133,11,159.1177,4.5278,49.8063,236.8454,2.89919,0.72,100000000,40000
657,11.518,100000,330000,1033,1133,1034,1134,13,110.643,4.0722,52.9384,228.2212,2.79147,1.19,99762508.67,39947.44587
658,12.23,100000,340000,1034,1134,1035,1135,2,259.131,4.7776,9.5551,49.6585,0,0,12997248.47,34212.09373
659,20.73,110000,260000,1126,1226,1127,1227,22,134.5643,4.4953,98.8975,464.8657,2.67217,0.82,100000000,40000
660,35.34,110000,270000,1127,1227,1128,1228,25,243.8249,4.799,119.9759,617.45,3.73538,0.38,100000000,40000
661,7.474,110000,280000,1128,1228,1129,1229,35,82.3947,4.0161,140.5623,591.896,2.45351,1.43,100000000,40000
662,10.548,110000,290000,1129,1229,1130,1230,16,98.3824,4.1287,66.0588,286.1643,2.57585,1.24,100000000,40000
663,22.867,110000,300000,1130,1230,1131,1231,17,156.5698,4.5003,76.505,362.5113,2.90668,0.75,100000000,40000
664,28.19,110000,310000,1131,1231,1132,1232,39,175.1987,4.8061,187.4383,928.4732,2.34576,0.58,100000000,40000
665,34.628,110000,320000,1132,1232,1133,1233,22,232.1635,4.9278,108.4123,551.8667,2.49985,0.4,100000000,40000
666,20.201,110000,330000,1133,1233,1134,1234,17,141.3028,4.4836,76.2208,356.9031,2.64703,0.84,94388779.93,53263.73236
667,15,110000,340000,1134,1234,1135,1235,0,0,0,0,0,0,0,11039895.23,22990.92911
668,7.531,120000,260000,1226,1326,1227,1327,15,95.4716,4.2363,63.5446,277.1262,2.12272,1.41,100000000,40000
669,40.366,120000,270000,1227,1327,1228,1328,13,269.6507,5.004,65.0521,342.0476,3.23342,0.25,100000000,40000
670,12.854,120000,280000,1228,1328,1229,1329,21,116.1129,4.5915,96.4207,450.4891,1.86559,1.13,100000000,40000
671,19.261,120000,290000,1229,1329,1230,1330,39,129.7475,4.5875,178.9116,846.3928,2.27373,0.87,100000000,40000
672,11.588,120000,300000,1230,1330,1231,1331,21,96.467,4.1305,86.74,377.5464,2.66859,1.19,100000000,40000
673,24.036,120000,310000,1231,1331,1232,1332,23,156.9615,4.8277,111.0368,545.7952,1.9455,0.71,99976873.51,40387.98742
674,20.988,120000,320000,1232,1332,1233,1333,28,147.9458,4.554,127.5109,603.5096,2.50814,0.81,87489140.73,80836.73212
675,21.3,120000,330000,1233,1333,1234,1334,3,150.4227,4.7737,14.3211,70.0331,0,0,13947488.96,48536.84172
676,13.526,130000,270000,1327,1427,1328,1428,26,110.1207,4.4186,114.8832,523.5542,2.22181,1.1,100000000,40000
677,9.864,130000,280000,1328,1428,1329,1429,23,93.3037,4.235,97.4039,427.7599,2.2998,1.28,100000000,40000
678,21.898,130000,290000,1329,1429,1330,1430,23,146.7551,4.6411,106.7448,511.134,2.32889,0.78,100000000,40000
679,14.441,130000,300000,1330,1430,1331,1431,31,115.9296,4.3704,135.4809,614.9352,2.39281,1.06,100000000,40000
680,38.108,130000,310000,1331,1431,1332,1432,13,241.0138,4.9458,64.2953,333.7737,3.1482,0.31,100000000,40000
681,48.932,130000,320000,1332,1432,1333,1433,5,292.8568,5.268,26.3402,142.0968,2.49224,0.03,100000000,40000
682,23.379,140000,270000,1427,1527,1428,1528,29,164.4879,4.4833,130.0157,617.8817,3.05797,0.73,100000000,40000
683,25.288,140000,280000,1428,1528,1429,1529,25,161.7222,4.7882,119.7057,587.1572,2.14511,0.67,100000000,40000
684,13.058,140000,290000,1429,1529,1430,1530,16,106.167,4.3084,68.9351,308.7588,2.42366,1.12,100000000,40000
685,8.263,140000,300000,1430,1530,1431,1531,19,85.5655,4.0291,76.5538,323.9893,2.53258,1.37,100000000,40000
686,16.194,150000,280000,1528,1628,1529,1629,12,135.743,4.7761,57.3128,276.7672,1.69127,0.99,100000000,40000
687,8.984,150000,290000,1529,1629,1530,1630,13,87.5812,4.1074,53.3957,229.1051,2.46754,1.32,100000000,40000
688,9.827,150000,300000,1530,1630,1531,1631,19,93.6547,4.0053,76.0999,323.0437,2.73669,1.28,100000000,40000
689,33.62,150000,310000,1531,1631,1532,1632,16,206.6313,4.8485,77.5762,392.5006,2.84257,0.43,100000000,40000
690,9.815,160000,300000,1630,1730,1631,1731,18,105.7412,4.1365,74.4574,321.9607,2.47535,1.28,100000000,40000
691,0.774,250000,230000,2523,2623,2524,2624,9,46.9329,3.4595,31.1355,114.1192,2.44694,2.05,100000000,40000
692,0,250000,240000,2524,2624,2525,2625,7,53.8139,3.881,27.167,106.9068,1.64092,2.86,100000000,40000
693,13.505,250000,260000,2526,2626,2527,2627,14,104.5273,4.3752,61.2522,277.1045,2.3104,1.1,100000000,40000
694,10.044,250000,270000,2527,2627,2528,2628,6,106.0313,4.3695,26.217,117.3651,2.11628,1.24,100000000,40000
695,10.277,260000,250000,2625,2725,2626,2726,6,101.5983,4.0998,24.5988,105.5704,2.64222,1.23,100000000,40000
696,12.158,260000,260000,2626,2726,2627,2727,13,114.3241,4.4904,58.3757,267.9248,2.00323,1.16,100000000,40000
697,6.943,260000,270000,2627,2727,2628,2728,10,109.2814,4.5569,45.5687,210.0776,1.68083,1.43,100000000,40000
698,0.924,270000,250000,2725,2825,2726,2826,13,65.511,4.0162,52.21,214.0202,1.82425,2.13,100000000,40000
699,27.605,270000,260000,2726,2826,2727,2827,10,177.0121,4.7121,47.1211,230.2552,2.59976,0.61,100000000,40000
700,0.632,270000,270000,2727,2827,2728,2828,17,65.9948,4.0503,68.8549,283.6373,1.72488,2.29,100000000,40000
701,1.436,280000,250000,2825,2925,2826,2926,9,89.5738,4.4144,39.7297,177.071,1.583,1.92,100000000,40000
702,0,280000,260000,2826,2926,2827,2927,11,55.066,3.9556,43.5114,173.2001,1.39059,4.07,100000000,40000
703,0,280000,270000,2827,2927,2828,2928,7,78.1894,4.3191,30.234,131.1301,1.35178,3.25,100000000,40000
704,30.874,280000,280000,2828,2928,2829,2929,8,199.3736,4.7596,38.0768,188.8584,2.84027,0.52,100000000,40000
705,28.589,290000,250000,2925,3025,2926,3026,6,162.7202,4.7262,28.3574,138.5561,2.59112,0.6,100000000,40000
706,6.803,290000,260000,2926,3026,2927,3027,7,103.4633,4.4882,31.4177,142.9833,1.77436,1.41,100000000,40000
707,0,300000,240000,3024,3124,3025,3125,8,84.0152,4.3736,34.9886,153.8946,1.42249,2.62,100000000,40000
708,0,250000,320000,2532,2632,2533,2633,11,49.8587,3.8256,42.082,162.6177,1.49689,3.65,100000000,40000
709,0.35,250000,330000,2533,2633,2534,2634,2,33.216,3.4857,6.9714,24.3699,0,0,100000000,40000
710,0.39,250000,340000,2534,2634,2535,2635,3,24.0983,3.0549,9.1646,28.8766,0,0,100000000,40000
711,0,260000,320000,2632,2732,2633,2733,9,38.4461,3.537,31.8333,114.6173,1.65321,3.5,100000000,40000
712,0.455,260000,330000,2633,2733,2634,2734,20,60.6692,3.9385,78.7699,316.2952,1.75904,2.41,100000000,40000
713,0,260000,340000,2634,2734,2635,2735,6,61.5362,4.0278,24.167,98.4127,1.5889,2.74,100000000,40000
714,1.65,260000,350000,2635,2735,2636,2736,3,62.3007,4.0104,12.0311,48.9467,0,0,100000000,40000
715,0.165,270000,310000,2731,2831,2732,2832,9,65.4108,4.0074,36.067,147.1078,1.76285,2.28,100000000,40000
716,0,270000,320000,2732,2832,2733,2833,6,45.0917,3.7081,22.2484,83.8243,1.67352,3.09,100000000,40000
717,7.167,270000,330000,2733,2833,2734,2834,7,81.5313,3.7764,26.435,107.0071,2.98533,1.39,100000000,40000
718,3.24,270000,340000,2734,2834,2735,2835,1,128.425,4.8553,4.8553,23.5744,0,0,100000000,40000
719,14.972,280000,310000,2831,2931,2832,2932,9,113.2623,4.4236,39.8125,181.7531,2.31521,1.04,100000000,40000
720,8.925,280000,320000,2832,2932,2833,2933,7,93.2339,4.2231,29.5619,128.9602,2.28942,1.3,100000000,40000
721,0.011,190000,180000,1918,2018,1919,2019,15,43.4129,3.63,54.4505,202.1563,1.76278,2.94,100000000,40000
722,1.967,190000,190000,1919,2019,1920,2020,25,61.2348,3.7582,93.9551,367.4922,2.16912,1.99,100000000,40000
723,0,190000,230000,1923,2023,1924,2024,8,53.3181,3.923,31.3839,123.9379,1.40792,4.02,100000000,40000
724,5.24,200000,170000,2017,2117,2018,2118,12,76.2092,4.0173,48.2076,201.096,2.27493,1.56,100000000,40000
725,2.303,200000,180000,2018,2118,2019,2119,9,69.0514,3.9053,35.1476,142.0689,2.171,1.8,100000000,40000
726,0.113,200000,190000,2019,2119,2020,2120,13,63.301,4.0377,52.4902,214.8775,1.6401,2.55,100000000,40000
727,2.499,200000,200000,2020,2120,2021,2121,36,69.8839,4.0108,144.3896,594.7911,1.95252,1.92,100000000,40000
728,1.149,200000,230000,2023,2123,2024,2124,9,66.3488,4.0105,36.0944,148.174,1.92251,1.97,100000000,40000
729,0,210000,200000,2120,2220,2121,2221,14,63.6138,4.1038,57.4531,237.1008,1.37614,3.74,100000000,40000
730,1.204,210000,210000,2121,2221,2122,2222,16,78.4488,4.2283,67.6532,289.951,1.66418,2.1,100000000,40000
731,0,210000,220000,2122,2222,2123,2223,14,62.1198,4.0704,56.9855,233.6152,1.42981,3.43,100000000,40000
732,13.297,210000,230000,2123,2223,2124,2224,22,110.4334,4.403,96.8666,440.2035,2.24256,1.11,100000000,40000
733,0.126,220000,220000,2222,2322,2223,2323,17,62.5569,3.992,67.8639,274.7916,1.63624,2.65,100000000,40000
734,4.024,220000,230000,2223,2323,2224,2324,25,84.5874,4.1666,104.1648,444.4934,1.93642,1.71,100000000,40000
735,2.877,220000,240000,2224,2324,2225,2325,17,80.4955,4.2208,71.7531,308.4867,1.81008,1.82,100000000,40000
736,0.74,230000,220000,2322,2422,2323,2423,32,68.0465,4.1027,131.2859,546.7319,1.66762,2.34,100000000,40000
737,1.669,230000,230000,2323,2423,2324,2424,16,70.3051,4.0552,64.8838,268.9251,1.86291,2,100000000,40000
738,0.008,240000,220000,2422,2522,2423,2523,12,51.9345,3.7999,45.5984,176.4317,1.70969,2.79,100000000,40000
739,20.83,240000,230000,2423,2523,2424,2524,14,138.8774,4.5457,63.6399,300.359,2.51638,0.82,100000000,40000
740,0,250000,220000,2522,2622,2523,2623,5,48.3756,3.793,18.9652,72.8377,1.60777,3.17,100000000,40000
741,0.057,160000,280000,1628,1728,1629,1729,10,53.2515,3.7968,37.9678,147.4821,1.83672,2.47,100000000,40000
742,1.375,160000,290000,1629,1729,1630,1730,9,62.8882,3.9549,35.5944,144.6353,2.00329,1.93,100000000,40000
743,0.219,170000,280000,1728,1828,1729,1829,6,62.9447,3.8801,23.2804,93.0418,2.08865,1.93,100000000,40000
744,13.245,170000,290000,1729,1829,1730,1830,7,101.4574,4.027,28.1887,121.3781,3.14181,1.11,100000000,40000
745,5.744,170000,300000,1730,1830,1731,1831,9,82.9937,4.0305,36.2748,151.8874,2.32254,1.5,100000000,40000
746,9.951,180000,260000,1826,1926,1827,1927,9,94.7627,4.3704,39.3338,176.2377,2.08736,1.26,100000000,40000
747,2.657,180000,270000,1827,1927,1828,1928,10,75.2098,4.1233,41.2328,173.9153,1.93162,1.78,100000000,40000
748,12.753,180000,280000,1828,1928,1829,1929,7,102.1059,3.8893,27.2248,115.289,3.49726,1.13,100000000,40000
749,5.886,180000,290000,1829,1929,1830,1930,14,74.2244,3.9955,55.937,233.0381,2.35545,1.52,100000000,40000
750,9.464,180000,300000,1830,1930,1831,1931,11,104.0466,3.862,42.4819,176.5546,3.05745,1.29,100000000,40000
751,6.513,190000,240000,1924,2024,1925,2025,8,108.5471,4.5718,36.5744,168.9811,1.65349,1.44,100000000,40000
752,7.506,190000,270000,1927,2027,1928,2028,9,91.9271,4.0591,36.5318,154.6793,2.44482,1.39,100000000,40000
753,0.449,190000,280000,1928,2028,1929,2029,8,61.8522,3.9503,31.6024,127.769,1.90976,2.08,100000000,40000
754,1.288,200000,240000,2024,2124,2025,2125,29,67.6269,4.0673,117.9505,488.9299,1.77367,2.15,100000000,40000
755,20.988,120000,320000,1232,1332,1233,1333,28,147.9457,4.554,127.5109,603.5095,2.50814,0.81,87489140.73,80836.73212
756,20.879,130000,330000,1333,1433,1334,1434,6,134.7028,4.7159,28.2957,135.8501,2.00195,0.84,82231958.64,38896.09505
757,18.227,140000,310000,1431,1531,1432,1532,8,126.3771,4.5719,36.5756,171.5668,2.19866,0.92,100000000,40000
758,19.57,140000,320000,1432,1532,1433,1533,4,108.1605,4.5632,18.2529,84.2238,0,0,100000000,40000
759,10.226,140000,330000,1433,1533,1434,1534,22,102.3746,4.3545,95.7994,429.0222,2.12033,1.26,56301981.89,42102.78116
760,22.867,150000,320000,1532,1632,1533,1633,17,145.1112,4.7003,79.9053,385.8887,2.23154,0.75,100000000,40000
761,26.679,150000,330000,1533,1633,1534,1634,17,166.9829,4.8294,82.0999,405.3068,2.10049,0.63,52843355.56,47093.53632
762,17.118,150000,340000,1534,1634,1535,1635,8,111.0496,4.2401,33.9208,152.3138,3.00732,0.96,13349617.73,28948.51801
763,0,150000,350000,1535,1635,1536,1636,0,0,0,0,0,0,0,942538.0025,5987.632856
764,28.289,160000,310000,1631,1731,1632,1732,21,197.1266,4.7054,98.8144,486.0051,2.78891,0.58,100000000,40000
765,26.455,160000,320000,1632,1732,1633,1733,13,161.2808,4.7689,61.996,303.854,2.2856,0.64,98580509.24,43181.3373
766,23.237,160000,330000,1633,1733,1634,1734,14,141.827,4.6156,64.6181,309.2362,2.50751,0.74,66145824.09,91927.06031
767,0.898,160000,340000,1634,1734,1635,1735,10,47.3681,3.5992,35.9925,135.6944,2.28537,2.06,77989174.95,60282.0453
768,0,160000,350000,1635,1735,1636,1736,8,29.8928,3.307,26.456,88.9468,1.57807,4.37,15764752.83,51654.97916
769,35.121,170000,310000,1731,1831,1732,1832,14,221.2214,4.8654,68.1163,347.761,3.06878,0.39,100000000,40000
770,0.189,180000,130000,1813,1913,1814,1914,20,40.4713,3.4074,68.1477,242.1294,2.06001,2.62,100000000,40000
771,1.436,180000,170000,1817,1917,1818,1918,28,53.6137,3.7446,104.8488,407.2907,2.0901,2.11,100000000,40000
772,36.286,190000,110000,1911,2011,1912,2012,12,253.5188,4.8391,58.0689,298.532,3.53414,0.36,100000000,40000
773,2.657,190000,120000,1912,2012,1913,2013,10,56.6447,3.6675,36.6747,142.0424,2.49737,1.78,100000000,40000
774,1.885,190000,130000,1913,2013,1914,2014,31,58.7185,3.8224,118.4931,468.8802,2.07367,2.02,100000000,40000
775,0.316,190000,140000,1914,2014,1915,2015,11,41.1935,3.3551,36.9063,130.9578,2.32695,2.3,100000000,40000
776,0.634,190000,150000,1915,2015,1916,2016,15,56.1413,3.8404,57.6063,227.0784,1.90828,2.26,100000000,40000
777,4.308,190000,160000,1916,2016,1917,2017,14,71.3288,3.9026,54.637,222.5598,2.33315,1.65,100000000,40000
778,3.339,190000,170000,1917,2017,1918,2018,13,64.9599,3.8487,50.0328,200.8746,2.29881,1.74,100000000,40000
779,18.614,200000,100000,2010,2110,2011,2111,7,127.2469,4.4572,31.2004,144.1911,2.5198,0.91,100000000,40000
780,36.179,200000,110000,2011,2111,2012,2112,16,260.4391,4.823,77.1675,398.2109,3.73381,0.36,100000000,40000
781,6.255,200000,120000,2012,2112,2013,2113,23,83.3913,4.1211,94.7857,403.9976,2.18082,1.51,100000000,40000
782,11.005,200000,130000,2013,2113,2014,2114,24,102.726,4.2163,101.1918,444.7143,2.42553,1.22,100000000,40000
783,9.45,200000,140000,2014,2114,2015,2115,18,89.9652,4.0558,73.0038,311.5372,2.59439,1.3,100000000,40000
784,11.309,200000,150000,2015,2115,2016,2116,13,102.9195,4.1922,54.498,238.6362,2.51105,1.2,100000000,40000
785,4.184,200000,160000,2016,2116,2017,2117,11,80.4575,4.1907,46.098,197.731,1.96266,1.64,100000000,40000
786,15.159,210000,100000,2110,2210,2111,2211,17,114.0105,4.4174,75.0966,343.4672,2.35443,1.03,100000000,40000
787,16.182,210000,110000,2111,2211,2112,2212,13,126.0001,4.5613,59.2969,277.1023,2.10303,0.99,100000000,40000
788,17.396,210000,120000,2112,2212,2113,2213,31,120.886,4.4306,137.3473,634.0449,2.51509,0.94,100000000,40000
789,0,210000,130000,2113,2213,2114,2214,10,34.9447,3.3548,33.5482,116.0931,1.87311,3.1,100000000,40000
790,2.217,210000,140000,2114,2214,2115,2215,14,64.5254,3.8247,53.5458,212.6593,2.17646,1.89,100000000,40000
791,1.727,210000,150000,2115,2215,2116,2216,30,55.804,3.7393,112.1797,436.325,2.14305,2.05,100000000,40000
792,0.345,210000,160000,2116,2216,2117,2217,10,47.2438,3.5383,35.3834,130.7467,2.19274,2.24,100000000,40000
793,20.098,220000,120000,2212,2312,2213,2313,40,153.6367,4.4679,178.7147,836.8541,2.6967,0.84,100000000,40000
794,6.072,220000,130000,2213,2313,2214,2314,20,81.3939,3.9251,78.5024,323.6796,2.47099,1.52,100000000,40000
795,0.686,220000,140000,2214,2314,2215,2315,18,65.7526,4.0407,72.7332,299.0653,1.73579,2.28,100000000,40000
796,0,220000,150000,2215,2315,2216,2316,17,32.7576,3.3662,57.2258,196.9015,1.67598,3.74,100000000,40000
797,8.428,230000,120000,2312,2412,2313,2413,19,92.6818,4.3127,81.9419,362.7929,2.05984,1.36,100000000,40000
798,0.017,200000,90000,2009,2109,2010,2110,10,73.4357,4.2059,42.0587,178.5214,1.53006,2.57,97114738.54,98548.18229
799,0,210000,90000,2109,2209,2110,2210,5,95.4782,4.485,22.4252,101.2979,1.52846,1.92,99481199.51,53113.0341
800,0,220000,70000,2207,2307,2208,2308,0,0,0,0,0,0,0,246249.7338,4689.135626
801,0,220000,80000,2208,2308,2209,2309,8,59.959,3.9523,31.6183,127.1006,1.73742,2.44,81131847.31,44155.58268
802,0,220000,90000,2209,2309,2210,2310,9,77.2278,4.3062,38.7559,167.6761,1.36786,3.17,84561364.28,68012.47092
803,3.208,220000,100000,2210,2310,2211,2311,8,78.9214,4.1671,33.3368,142.0974,1.96201,1.68,100000000,40000
804,13.01,220000,110000,2211,2311,2212,2312,3,101.6893,4.5741,13.7224,63.0801,0,0,100000000,40000
805,11.78,230000,80000,2308,2408,2309,2409,3,181.946,4.5587,13.6762,66.4163,0,0,1693860.418,7443.141533
806,10.155,230000,90000,2309,2409,2310,2410,9,100.2672,4.3137,38.8232,172.4173,2.19526,1.25,46645273.1,39962.82996
807,0,230000,100000,2310,2410,2311,2411,8,64.55,4.1093,32.8744,136.0537,1.44902,3.21,100000000,40000
808,11.324,230000,110000,2311,2411,2312,2412,14,99.7229,4.2331,59.2637,261.1784,2.43625,1.2,100000000,40000
809,12.79,240000,90000,2409,2509,2410,2510,1,69.657,4.2436,4.2436,18.008,0,0,16125486.72,39037.12559
810,45.804,240000,100000,2410,2510,2411,2511,9,290.8797,5.1862,46.6756,250.8601,2.85291,0.11,100000000,40000
811,10.5,250000,90000,2509,2609,2510,2610,0,0,0,0,0,0,0,11725736.88,25331.69413
812,21.492,250000,100000,2510,2610,2511,2611,6,155.185,4.404,26.4238,122.3303,2.97981,0.82,97646997.13,40447.64587
813,5.13,260000,90000,2609,2709,2610,2710,1,13.526,2.6046,2.6046,6.784,0,0,10303715.66,24115.13495
814,0,260000,100000,2610,2710,2611,2711,6,53.5818,3.8413,23.048,89.9897,1.71494,2.7,92861871.26,55924.70582
815,0.302,270000,100000,2710,2810,2711,2811,15,50.2411,3.7351,56.0264,215.0466,1.90159,2.43,48946352.2,62055.13027
816,22.045,270000,110000,2711,2811,2712,2812,13,147.4065,4.5388,59.0038,279.1006,2.63863,0.78,98570264.86,50015.87181
817,1.205,210000,240000,2124,2224,2125,2225,13,70.4363,4.1097,53.4266,223.5539,1.77932,2.06,100000000,40000
818,1.321,230000,240000,2324,2424,2325,2425,18,67.9383,4.0473,72.8523,300.9217,1.81702,2.09,100000000,40000
819,10.898,230000,250000,2325,2425,2326,2426,13,109.3235,4.3875,57.0375,256.9681,2.113,1.22,100000000,40000
820,3.16,240000,240000,2424,2524,2425,2525,16,94.7193,4.4408,71.0522,319.0037,1.61852,1.78,100000000,40000
821,2.451,240000,250000,2425,2525,2426,2526,22,87.8271,4.3605,95.932,423.4582,1.64025,1.9,100000000,40000
822,18.302,240000,260000,2426,2526,2427,2527,13,118.6862,4.4564,57.9332,268.5324,2.53225,0.91,100000000,40000
823,8.935,250000,250000,2525,2625,2526,2626,19,94.2666,4.2906,81.5206,360.0489,2.12914,1.33,100000000,40000
824,0.8,270000,90000,2709,2809,2710,2810,1,34.842,3.5508,3.5508,12.6084,0,0,3043917.385,9172.712187
825,9.165,280000,100000,2810,2910,2811,2911,13,95.7489,4.2004,54.6051,237.8242,2.3157,1.31,21553926.49,50823.58759
826,0,280000,110000,2811,2911,2812,2912,8,39.0034,3.5569,28.4551,102.8888,1.63148,3.56,96659713.87,52758.93499
827,11.769,280000,120000,2812,2912,2813,2913,17,116.6973,4.6133,78.426,367.1913,1.78668,1.18,100000000,40000
828,23.742,280000,130000,2813,2913,2814,2914,21,162.055,4.5673,95.9137,458.6587,2.7584,0.72,100000000,40000
829,0,290000,90000,2909,3009,2910,3010,0,0,0,0,0,0,0,1396097.78,12180.12643
830,0.003,290000,100000,2910,3010,2911,3011,20,46.796,3.7336,74.6724,283.0609,1.60584,3.3,46643494.26,44530.05598
831,4.443,290000,110000,2911,3011,2912,3012,17,81.2119,4.1648,70.8016,302.4026,1.98562,1.65,100000000,40000
832,27.413,290000,120000,2912,3012,2913,3013,14,184.2089,4.5939,64.3153,312.5588,3.14817,0.61,97841652.48,57263.94205
833,11.752,290000,130000,2913,3013,2914,3014,15,110.7354,4.4481,66.721,304.0934,2.06017,1.18,98912776.41,57276.77589
834,6.101,290000,140000,2914,3014,2915,3015,16,89.6993,4.1575,66.5194,285.1541,2.13247,1.51,100000000,40000
835,0,300000,100000,3010,3110,3011,3111,13,35.3738,3.4923,45.4004,160.2685,1.45942,4.78,48885953.8,31447.89371
836,0.852,300000,110000,3011,3111,3012,3112,18,58.6523,3.7884,68.1911,266.2252,1.97641,2.22,90603444.29,48559.55691
837,0,300000,120000,3012,3112,3013,3113,22,37.4968,3.5459,78.009,279.7798,1.47486,4.51,77749983.18,60694.05984
838,2.562,300000,130000,3013,3113,3014,3114,9,71.4996,3.8852,34.9668,140.9764,2.22612,1.77,100000000,40000
839,18.544,300000,140000,3014,3114,3015,3115,15,153.9773,4.3826,65.7391,302.5788,2.76392,0.9,100000000,40000
840,12.63,300000,150000,3015,3115,3016,3116,19,118.7961,4.6171,87.7254,411.4222,1.81392,1.14,100000000,40000
841,36.55,300000,160000,3016,3116,3017,3117,16,194.0652,5.0219,80.3508,413.061,2.22047,0.35,100000000,40000
842,32.153,300000,170000,3017,3117,3018,3118,9,181.9783,4.8919,44.0272,221.0913,2.3283,0.48,100000000,40000
843,0,310000,100000,3110,3210,3111,3211,17,36.9407,3.529,59.9931,214.205,1.48351,4.49,19746752.84,21816.43919
844,0,310000,110000,3111,3211,3112,3212,15,35.4789,3.4038,51.0574,178.3105,1.76509,3.33,13181866.68,22954.11413
845,0.08,310000,120000,3112,3212,3113,3213,3,27.1793,3.2448,9.7345,31.9593,0,0,11469077.68,21480.93812
846,0,310000,130000,3113,3213,3114,3214,14,43.5593,3.7348,52.2878,196.3952,1.33912,5.35,54518788.24,33190.22806
847,8.346,310000,140000,3114,3214,3115,3215,15,97.4429,4.0724,61.086,260.2184,2.4705,1.36,98648802.16,39152.91709
848,13.065,310000,150000,3115,3215,3116,3216,18,118.5306,4.1265,74.2764,325.0519,2.84246,1.12,99985706.66,40002.92251
849,22.246,310000,160000,3116,3216,3117,3217,18,139.9534,4.671,84.0773,403.9148,2.25112,0.77,100000000,40000
850,24.925,310000,170000,3117,3217,3118,3218,11,147.9881,4.6194,50.8135,244.3555,2.6676,0.69,100000000,40000
851,6.46,320000,140000,3214,3314,3215,3315,1,54.016,3.9893,3.9893,15.9144,0,0,12755284.9,19020.59766
852,6.44,320000,150000,3215,3315,3216,3316,0,0,0,0,0,0,0,6607245.004,22827.92294
853,0,320000,160000,3216,3316,3217,3317,11,42.6099,3.6152,39.767,146.6354,1.70876,3.14,41311563.13,29158.40607
854,1.123,320000,170000,3217,3317,3218,3318,7,76.6429,4.1262,28.8833,121.5228,1.86854,1.87,66298080.8,43081.44357
855,0.189,290000,190000,2919,3019,2920,3020,10,82.3076,4.3406,43.4061,189.925,1.50747,2.33,100000000,40000
856,16.58,300000,190000,3019,3119,3020,3120,2,141.49,4.913,9.826,48.434,0,0,100000000,40000
857,39.599,300000,200000,3020,3120,3021,3121,7,230.4761,5.0027,35.0186,181.8764,2.87473,0.28,100000000,40000
858,5.501,310000,180000,3118,3218,3119,3219,12,107.9973,4.5792,54.9505,254.0295,1.59531,1.54,100000000,40000
859,28.363,310000,190000,3119,3219,3120,3220,9,163.7479,4.9791,44.8115,225.4323,1.71213,0.59,100000000,40000
860,14.223,310000,200000,3120,3220,3121,3221,9,132.246,4.7942,43.148,208.6324,1.60086,1.07,100000000,40000
861,23.753,320000,180000,3218,3318,3219,3319,7,152.6429,4.6959,32.8712,158.3781,2.26687,0.74,100000000,40000
862,27.822,320000,190000,3219,3319,3220,3320,12,188.9167,4.6847,56.217,275.0372,2.80165,0.6,100000000,40000
863,0,320000,200000,3220,3320,3221,3321,5,68,4.1084,20.5421,85.5153,1.69739,2.25,100000000,40000
864,0,330000,170000,3317,3417,3318,3418,0,0,0,0,0,0,0,53019.16327,1158.70637
865,13.03,330000,180000,3318,3418,3319,3419,2,105.25,4.6548,9.3097,43.3411,0,0,17413824.88,26786.77499
866,8.123,330000,190000,3319,3419,3320,3420,10,105,4.4971,44.9707,205.3658,1.80339,1.36,20721254.55,43799.30912
867,3.87,330000,200000,3320,3420,3321,3421,4,51,3.8851,15.5404,60.7259,0,0,14242907.15,22237.50296
868,5.26,330000,210000,3321,3421,3322,3422,0,0,0,0,0,0,0,944837.6498,4851.7548
